Rk,Player,Nation,Pos,Squad,Age,Born,90s,CrdY,CrdR,2CrdY,Fls,Fld,Off,Crs,Int,TklW,PKwon,PKcon,OG,Recov,Won,Lost,Won%,Matches,-9999
1,Max Aarons,eng ENG,DF,Norwich City,21,2000,32.0,8,0,0,27,52,1,50,28,44,0,2,1,154,13,50,20.6,Matches,774cf58b
2,Che Adams,sct SCO,FW,Southampton,25,1996,22.7,0,0,0,29,40,7,8,8,6,0,0,0,70,61,91,40.1,Matches,f2bf1b0f
3,Rayan Aït Nouri,fr FRA,DFMF,Wolves,20,2001,20.3,4,0,0,14,20,3,96,22,36,1,0,0,128,17,13,56.7,Matches,9b398aea
4,Kristoffer Ajer,no NOR,DF,Brentford,23,1998,22.2,5,0,0,12,16,0,17,26,18,0,0,0,109,49,31,61.3,Matches,a8c0acb7
5,Nathan Aké,nl NED,DF,Manchester City,26,1995,10.3,0,0,0,9,2,0,1,8,9,0,0,0,43,37,12,75.5,Matches,eaeca114
6,Marc Albrighton,eng ENG,FWDF,Leicester City,31,1989,12.6,3,0,0,6,13,2,78,14,19,0,0,0,65,4,13,23.5,Matches,b827d5b3
7,Thiago Alcántara,es ESP,MF,Liverpool,30,1991,17.0,2,0,0,19,13,0,4,26,29,0,0,0,126,31,12,72.1,Matches,77e84962
8,Trent Alexander-Arnold,eng ENG,DF,Liverpool,22,1998,31.7,2,0,0,12,7,11,273,43,23,0,0,0,235,15,13,53.6,Matches,cd1acf9d
9,Alisson,br BRA,GK,Liverpool,28,1992,36.0,0,0,0,0,2,0,0,0,1,0,0,1,80,15,1,93.8,Matches,7a2e46a8
10,Allan,br BRA,MF,Everton,30,1991,24.3,7,1,0,30,22,0,10,23,44,1,0,0,191,11,15,42.3,Matches,cc700722
11,Dele Alli,eng ENG,MF,Tottenham,25,1996,7.3,1,0,0,12,11,2,5,6,8,1,0,0,40,7,11,38.9,Matches,cea4ee8f
12,Dele Alli,eng ENG,MFFW,Everton,25,1996,3.8,3,0,0,9,7,2,1,6,2,0,0,0,24,9,8,52.9,Matches,cea4ee8f
13,Miguel Almirón,py PAR,MFFW,Newcastle Utd,27,1994,19.1,2,0,0,17,25,9,20,20,29,0,0,0,96,5,14,26.3,Matches,862a1c15
14,Marcos Alonso,es ESP,DF,Chelsea,30,1990,24.1,8,0,0,25,28,3,149,43,29,0,1,0,139,40,28,58.8,Matches,f4290206
15,Steven Alzate,co COL,MF,Brighton,22,1998,4.5,0,0,0,6,4,0,0,10,4,0,0,0,39,4,8,33.3,Matches,ad1f61f3
16,Daniel Amartey,gh GHA,DF,Leicester City,26,1994,23.6,4,0,0,14,8,1,0,21,13,0,0,0,145,33,37,47.1,Matches,1a4ef233
17,Joachim Andersen,dk DEN,DF,Crystal Palace,25,1996,32.4,4,0,0,19,8,1,8,37,23,0,0,1,152,56,48,53.8,Matches,e34fc66d
18,Michail Antonio,jm JAM,FW,West Ham,31,1990,33.0,8,1,1,50,52,13,63,3,17,0,0,0,90,79,112,41.4,Matches,ac05f970
19,Cameron Archer,eng ENG,FWMF,Aston Villa,20,2001,0.3,0,0,0,3,0,0,0,0,0,0,0,0,1,1,1,50.0,Matches,05e8ca6d
20,Alphonse Areola,fr FRA,GK,West Ham,28,1993,1.0,0,0,0,0,0,0,0,0,0,0,0,0,0,0,0,,Matches,2f965a72
21,Adam Armstrong,eng ENG,FW,Southampton,24,1997,15.7,1,0,0,13,6,2,18,3,4,1,0,0,36,13,23,36.1,Matches,68c720b5
22,Stuart Armstrong,sct SCO,MF,Southampton,29,1992,16.4,1,0,0,11,20,1,35,8,19,1,0,0,94,3,11,21.4,Matches,97333cf5
23,Kepa Arrizabalaga,es ESP,GK,Chelsea,26,1994,4.0,0,0,0,0,1,0,0,0,0,0,0,0,3,1,0,100.0,Matches,28d596a0
24,Harrison Ashby,sct SCO,DF,West Ham,19,2001,0.1,0,0,0,0,0,0,0,1,0,0,0,0,0,0,0,,Matches,b391383a
25,Pierre-Emerick Aubameyang,ga GAB,FW,Arsenal,32,1989,11.5,3,0,0,15,8,10,11,0,5,0,0,0,22,25,28,47.2,Matches,d5dd5f1f
26,Jordan Ayew,gh GHA,FW,Crystal Palace,29,1991,22.4,2,0,0,38,66,2,74,15,30,1,0,0,132,32,58,35.6,Matches,da052c14
27,Luke Ayling,eng ENG,DF,Leeds United,29,1991,25.2,4,1,0,22,19,2,31,28,42,0,1,0,187,34,50,40.5,Matches,420d7c7d
28,César Azpilicueta,es ESP,DF,Chelsea,31,1989,23.0,3,0,0,25,5,2,47,23,28,0,1,0,110,46,29,61.3,Matches,53cad200
29,Daniel Bachmann,at AUT,GK,Watford,27,1994,12.0,0,0,0,1,1,0,0,1,0,0,1,0,10,2,0,100.0,Matches,1c0eea98
30,Leon Bailey,jm JAM,FWMF,Aston Villa,23,1997,8.5,3,0,0,12,11,4,33,1,11,0,0,0,38,10,16,38.5,Matches,3a233281
31,Eric Bailly,ci CIV,DF,Manchester Utd,27,1994,2.4,1,0,0,2,0,0,0,3,4,0,0,1,10,6,2,75.0,Matches,a1232f4e
32,Folarin Balogun,eng ENG,FW,Arsenal,20,2001,0.8,0,0,0,0,1,1,0,0,1,0,0,0,2,1,3,25.0,Matches,31822f8c
33,Patrick Bamford,eng ENG,FW,Leeds United,27,1993,6.2,2,0,0,5,5,5,3,2,0,0,0,0,12,5,14,26.3,Matches,93feac6e
34,Shandon Baptiste,gd GRN,MF,Brentford,23,1998,10.1,2,1,1,6,11,1,8,11,4,0,0,0,62,7,18,28.0,Matches,2886c9b5
35,Ross Barkley,eng ENG,MFFW,Chelsea,27,1993,2.0,0,0,0,2,4,0,7,1,0,0,0,0,17,6,2,75.0,Matches,3a24769f
36,Ashley Barnes,eng ENG,FW,Burnley,31,1989,9.0,4,0,0,21,12,9,2,2,2,0,1,0,34,49,65,43.0,Matches,2691c772
37,Harvey Barnes,eng ENG,FWMF,Leicester City,23,1997,23.3,2,0,0,19,20,10,45,5,16,0,0,0,93,24,41,36.9,Matches,3ea50f67
38,Lewis Bate,eng ENG,MF,Leeds United,18,2002,1.6,0,0,0,3,1,0,0,1,0,0,0,0,8,0,2,0.0,Matches,cd4256d3
39,Mads Bech Sørensen,dk DEN,DF,Brentford,22,1999,9.3,3,0,0,8,4,0,10,6,7,0,1,0,41,9,4,69.2,Matches,30db8574
40,Jan Bednarek,pl POL,DF,Southampton,25,1996,29.2,10,0,0,30,15,1,1,72,15,0,1,1,177,91,38,70.5,Matches,4115ce4e
41,Donny van de Beek,nl NED,MF,Manchester Utd,24,1997,0.8,0,0,0,2,2,0,0,2,4,0,0,0,7,1,2,33.3,Matches,50dc94ce
42,Donny van de Beek,nl NED,MF,Everton,24,1997,5.4,1,0,0,7,1,0,6,6,7,0,0,0,35,7,5,58.3,Matches,50dc94ce
43,Asmir Begović,ba BIH,GK,Everton,34,1987,3.0,0,0,0,0,0,0,0,0,0,0,0,0,2,5,0,100.0,Matches,7b4de647
44,Saïd Benrahma,dz ALG,FWMF,West Ham,25,1995,24.1,0,0,0,9,15,9,74,9,17,0,0,0,128,10,19,34.5,Matches,5a04fd92
45,Rodrigo Bentancur,uy URU,MF,Tottenham,24,1997,15.1,5,0,0,22,13,0,9,20,18,0,0,0,88,21,18,53.8,Matches,3b8674e6
46,Christian Benteke,be BEL,FW,Crystal Palace,30,1990,12.7,3,0,0,16,16,10,0,2,2,0,0,0,25,85,54,61.2,Matches,ab070c55
47,Jóhann Berg Guðmundsson,is ISL,MF,Burnley,30,1990,12.2,2,0,0,16,14,3,44,12,6,0,0,0,71,15,20,42.9,Matches,f72293fc
48,Steven Bergwijn,nl NED,FWMF,Tottenham,23,1997,6.3,1,0,0,9,9,1,8,1,2,0,0,0,22,4,5,44.4,Matches,a29b1131
49,Ryan Bertrand,eng ENG,DF,Leicester City,31,1989,3.7,1,0,0,3,1,0,12,1,5,0,0,0,11,1,8,11.1,Matches,01226327
50,Mads Bidstrup,dk DEN,MF,Brentford,20,2001,0.5,0,0,0,1,0,0,0,1,0,0,0,0,3,0,0,,Matches,407db0d5
51,Yves Bissouma,ml MLI,MF,Brighton,24,1996,23.5,10,0,0,30,19,0,2,50,49,0,1,0,161,16,15,51.6,Matches,6c203af0
52,Willy Boly,ci CIV,DF,Wolves,30,1991,10.0,1,0,0,7,2,1,0,14,19,0,1,0,62,20,20,50.0,Matches,a4ac4b8f
53,Jarrod Bowen,eng ENG,FW,West Ham,24,1996,33.1,6,0,0,25,43,14,141,21,20,2,0,0,151,38,65,36.9,Matches,79c84d1c
54,Jarrad Branthwaite,eng ENG,DF,Everton,19,2002,4.3,0,1,0,3,4,0,0,1,1,0,0,0,24,11,5,68.8,Matches,c1949191
55,Armando Broja,al ALB,FW,Southampton,19,2001,21.9,2,0,0,29,26,13,8,3,5,1,0,0,81,88,166,34.6,Matches,97220da2
56,Josh Brownhill,eng ENG,MF,Burnley,25,1995,32.8,10,0,0,39,20,0,53,68,37,0,0,0,198,47,32,59.5,Matches,47369df8
57,Lewis Brunt,eng ENG,MF,Leicester City,20,2000,0.3,0,0,0,0,0,0,0,0,0,0,0,0,2,0,1,0.0,Matches,a2081c6b
58,Bryan,es ESP,FWMF,Tottenham,20,2001,1.0,0,0,0,1,4,0,6,0,0,0,0,0,12,0,1,0.0,Matches,7b5ab7f2
59,Emi Buendía,ar ARG,MFFW,Aston Villa,24,1996,21.1,1,0,0,17,44,3,34,9,18,0,1,0,110,19,35,35.2,Matches,66b76d44
60,Dan Burn,eng ENG,DF,Newcastle Utd,29,1992,16.0,4,0,0,11,6,5,0,20,11,0,0,0,73,68,31,68.7,Matches,b2d31e83
61,Dan Burn,eng ENG,DF,Brighton,29,1992,11.4,4,0,0,15,0,0,1,24,12,0,0,0,56,32,21,60.4,Matches,b2d31e83
62,Jack Butland,eng ENG,GK,Crystal Palace,28,1993,8.5,0,0,0,0,2,0,0,0,0,0,0,0,4,1,2,33.3,Matches,cc70a1d5
63,Sam Byram,eng ENG,DF,Norwich City,27,1993,11.4,3,0,0,12,4,0,9,22,15,0,1,0,57,28,28,50.0,Matches,1bf811d4
64,Willy Caballero,ar ARG,GK,Southampton,39,1981,2.0,1,0,0,0,0,0,0,0,0,0,0,0,4,0,1,0.0,Matches,a179d516
65,Moisés Caicedo,ec ECU,MF,Brighton,19,2001,7.3,2,0,0,7,11,1,0,10,10,0,0,0,56,9,4,69.2,Matches,16264a81
66,Dominic Calvert-Lewin,eng ENG,FW,Everton,24,1997,14.3,2,0,0,17,16,4,2,3,8,1,0,0,34,94,93,50.3,Matches,59e6e5bf
67,Chem Campbell,wls WAL,MF,Wolves,18,2002,0.1,0,0,0,0,0,0,0,0,1,0,0,0,0,0,1,0.0,Matches,6f711f67
68,João Cancelo,pt POR,DF,Manchester City,27,1994,35.9,7,0,0,34,26,2,124,59,54,0,0,0,217,57,51,52.8,Matches,bd6351cd
69,Sergi Canós,es ESP,DFFW,Brentford,24,1997,23.1,8,1,1,28,15,5,87,22,25,0,0,1,183,9,27,25.0,Matches,1137759d
70,Todd Cantwell,eng ENG,FWMF,Norwich City,23,1998,4.9,2,0,0,4,12,2,3,3,13,0,0,0,22,3,4,42.9,Matches,f63d8a4b
71,Matty Cash,pl POL,DF,Aston Villa,23,1997,37.5,8,0,0,38,38,2,98,49,50,0,1,0,190,42,45,48.3,Matches,2389cdc2
72,Timothy Castagne,be BEL,DF,Leicester City,25,1995,23.6,1,0,0,15,7,1,40,29,31,0,0,0,102,39,38,50.6,Matches,197640fd
73,Jonny Castro,es ESP,DF,Wolves,27,1994,11.4,1,0,0,10,16,0,14,13,15,0,0,0,49,11,7,61.1,Matches,e28868f3
74,Craig Cathcart,nir NIR,DF,Watford,32,1989,26.6,3,0,0,13,4,0,4,28,15,0,0,0,127,48,34,58.5,Matches,89e4b358
75,Edinson Cavani,uy URU,FW,Manchester Utd,34,1987,8.5,0,0,0,7,5,6,2,2,1,0,0,0,22,7,17,29.2,Matches,527f063d
76,Kayky Chagas,br BRA,FW,Manchester City,18,2003,0.1,0,0,0,1,0,0,0,0,0,0,0,0,0,0,0,,Matches,17734ea0
77,Trevoh Chalobah,eng ENG,DF,Chelsea,22,1999,16.1,2,0,0,19,14,0,4,19,27,0,1,0,74,32,28,53.3,Matches,5515376c
78,Calum Chambers,eng ENG,DF,Arsenal,26,1995,1.9,0,0,0,2,1,0,3,0,3,0,0,0,14,2,1,66.7,Matches,dc6f5bdd
79,Calum Chambers,eng ENG,DF,Aston Villa,26,1995,9.2,1,0,0,12,2,0,2,5,8,0,0,0,49,26,25,51.0,Matches,dc6f5bdd
80,Daniel Chesters,eng ENG,MF,West Ham,19,2002,0.0,0,0,0,0,0,0,0,0,0,0,0,0,0,0,0,,Matches,240c8ab6
81,Ben Chilwell,eng ENG,DF,Chelsea,24,1996,6.0,0,0,0,10,15,2,32,4,3,0,1,0,32,7,10,41.2,Matches,d2424d1b
82,Chiquinho,pt POR,DFFW,Wolves,21,2000,2.3,0,0,0,9,8,0,25,2,6,0,0,0,17,4,5,44.4,Matches,dc6c2f02
83,Hamza Choudhury,eng ENG,DFMF,Leicester City,23,1997,3.2,1,0,0,4,5,0,0,12,3,0,0,0,15,10,2,83.3,Matches,7d2d3329
84,Andreas Christensen,dk DEN,DF,Chelsea,25,1996,16.6,2,0,0,11,7,0,1,29,8,0,0,0,110,48,38,55.8,Matches,1cb49278
85,Carney Chukwuemeka,eng ENG,MFFW,Aston Villa,17,2003,3.3,0,0,0,3,9,0,0,1,1,0,0,0,16,7,9,43.8,Matches,b2f9c73e
86,Ciaran Clark,ie IRL,DF,Newcastle Utd,31,1989,11.3,2,1,0,6,5,1,1,13,10,0,1,0,49,26,15,63.4,Matches,2b91cf8e
87,Tom Cleverley,eng ENG,MF,Watford,31,1989,18.0,2,0,0,28,19,2,54,18,20,0,0,0,81,14,29,32.6,Matches,6cdd8245
88,Nathaniel Clyne,eng ENG,DF,Crystal Palace,30,1991,15.0,1,0,0,3,5,0,17,15,10,0,0,0,73,10,7,58.8,Matches,0442183b
89,Conor Coady,eng ENG,DF,Wolves,28,1993,37.3,4,0,0,20,1,2,2,28,14,0,0,0,162,32,24,57.1,Matches,2928dca2
90,Séamus Coleman,ie IRL,DF,Everton,32,1988,29.5,4,0,0,14,17,2,41,32,36,1,0,1,188,25,23,52.1,Matches,0420d84f
91,Nathan Collins,ie IRL,DF,Burnley,20,2001,18.6,2,1,0,20,12,4,3,24,15,0,2,0,128,57,31,64.8,Matches,a8c19eb8
92,Aaron Connolly,ie IRL,FWMF,Brighton,21,2000,1.7,0,0,0,0,6,0,0,0,0,0,0,0,7,2,5,28.6,Matches,27c01749
93,Liam Cooper,sct SCO,DF,Leeds United,29,1991,20.2,5,0,0,19,9,2,1,43,23,0,1,0,118,82,44,65.1,Matches,dc64b8b3
94,Jack Cork,eng ENG,MF,Burnley,32,1989,18.6,4,0,0,31,10,1,8,17,6,0,0,0,96,26,21,55.3,Matches,74e12f1e
95,Maxwel Cornet,ci CIV,FWMF,Burnley,24,1996,19.6,2,0,0,20,20,26,55,10,9,2,0,0,81,24,45,34.8,Matches,beb391dd
96,Hélder Costa,ao ANG,MF,Leeds United,27,1994,0.2,0,0,0,1,2,0,0,0,0,0,0,0,1,0,1,0.0,Matches,f13d02a6
97,Vladimír Coufal,cz CZE,DF,West Ham,28,1992,24.5,5,1,1,29,15,2,107,22,25,0,1,1,131,33,34,49.3,Matches,fdf3cb77
98,Philippe Coutinho,br BRA,MFFW,Aston Villa,29,1992,14.8,0,0,0,8,20,4,18,7,12,0,0,0,53,5,17,22.7,Matches,0ef89a37
99,Aaron Cresswell,eng ENG,DF,West Ham,31,1989,30.3,3,0,0,14,10,2,145,35,18,0,1,0,163,32,24,57.1,Matches,4f974391
100,Charlie Cresswell,eng ENG,DF,Leeds United,18,2002,1.6,1,0,0,3,0,1,1,2,2,0,0,0,6,6,3,66.7,Matches,4654e5f5
101,Cucho,co COL,FWMF,Watford,22,1999,12.7,3,0,0,13,12,1,52,5,5,0,0,1,65,31,51,37.8,Matches,71b47ab9
102,Marc Cucurella,es ESP,DF,Brighton,23,1998,34.3,6,0,0,28,30,3,115,30,62,0,0,0,247,40,36,52.6,Matches,1daec722
103,Luke Cundle,eng ENG,MF,Wolves,19,2002,2.0,0,0,0,3,1,0,2,1,3,0,0,0,12,0,2,0.0,Matches,cc3b8e78
104,Patson Daka,zm ZAM,FW,Leicester City,22,1998,12.9,2,0,0,17,14,7,1,2,10,0,0,0,29,17,44,27.9,Matches,ca45605e
105,Stuart Dallas,nir NIR,DFMF,Leeds United,30,1991,32.4,5,0,0,33,30,2,101,57,55,0,1,0,219,32,34,48.5,Matches,67ca8566
106,Diogo Dalot,pt POR,DF,Manchester Utd,22,1999,20.0,4,0,0,18,4,1,58,29,41,0,0,0,151,29,17,63.0,Matches,d9565625
107,Karl Darlow,eng ENG,GK,Newcastle Utd,30,1990,8.0,1,0,0,1,2,0,0,0,0,0,1,0,5,2,0,100.0,Matches,cde3309f
108,Josh Dasilva,eng ENG,MFFW,Brentford,22,1998,2.9,0,1,0,4,3,0,4,1,1,0,0,0,23,3,1,75.0,Matches,60344e4f
109,Ben Davies,wls WAL,DF,Tottenham,28,1993,28.2,6,0,0,31,18,5,19,30,21,0,1,0,106,67,52,56.3,Matches,44781702
110,Tom Davies,eng ENG,MF,Everton,23,1998,2.6,1,0,0,4,3,0,0,2,1,0,0,0,9,3,2,60.0,Matches,9228b07c
111,Keinan Davis,eng ENG,FW,Aston Villa,23,1998,0.1,0,0,0,0,1,0,0,0,0,0,0,0,0,0,1,0.0,Matches,9deaf2c8
112,Craig Dawson,eng ENG,DF,West Ham,31,1990,30.6,5,1,0,39,12,1,1,29,17,0,3,0,113,93,55,62.8,Matches,3e9e06cb
113,Kevin De Bruyne,be BEL,MF,Manchester City,30,1991,24.5,2,0,0,21,27,4,180,6,16,0,0,0,114,11,18,37.9,Matches,e46012d4
114,Troy Deeney,eng ENG,FW,Watford,33,1988,0.3,0,0,0,0,0,0,0,0,0,0,0,0,0,6,3,66.7,Matches,82e34b69
115,Liam Delap,eng ENG,FW,Manchester City,18,2003,0.1,0,0,0,1,1,0,0,0,0,1,0,0,0,0,0,,Matches,dd897ee7
116,Fabian Delph,eng ENG,MF,Everton,31,1989,7.4,2,0,0,8,6,0,1,14,15,0,0,0,61,5,4,55.6,Matches,111c3236
117,Leander Dendoncker,be BEL,MF,Wolves,26,1995,21.7,4,0,0,13,6,0,5,9,17,0,0,0,107,30,33,47.6,Matches,5a7301ae
118,Emmanuel Dennis,ng NGA,FWMF,Watford,23,1997,28.7,9,1,1,59,40,12,39,15,35,1,0,0,125,45,78,36.6,Matches,2c44a35d
119,Kiernan Dewsbury-Hall,eng ENG,MF,Leicester City,22,1998,23.4,4,0,0,20,29,0,86,21,24,0,0,0,155,16,23,41.0,Matches,5c74c0f5
120,Ibrahima Diallo,fr FRA,MF,Southampton,22,1999,11.4,1,0,0,8,15,0,7,9,11,0,0,0,77,11,12,47.8,Matches,11ff3d56
121,Rúben Dias,pt POR,DF,Manchester City,24,1997,26.7,5,0,0,27,9,2,3,23,19,0,0,0,108,50,37,57.5,Matches,31c69ef1
122,Luis Díaz,co COL,FW,Liverpool,24,1997,10.6,0,0,0,14,14,3,14,4,7,0,0,0,54,15,16,48.4,Matches,4a1a9578
123,Eric Dier,eng ENG,DF,Tottenham,27,1994,34.1,1,0,0,12,9,0,1,27,9,0,0,1,131,70,54,56.5,Matches,ac861941
124,Lucas Digne,fr FRA,DF,Aston Villa,28,1993,14.1,2,0,0,18,16,3,101,23,10,0,0,0,77,23,20,53.5,Matches,1b84dbe1
125,Lucas Digne,fr FRA,DF,Everton,28,1993,13.0,4,0,0,15,9,0,71,14,19,0,0,1,83,24,16,60.0,Matches,1b84dbe1
126,Issa Diop,fr FRA,DF,West Ham,24,1997,10.7,0,0,0,5,5,1,0,7,8,0,0,0,55,16,17,48.5,Matches,a712ca2b
127,Moussa Djenepo,ml MLI,MF,Southampton,23,1998,5.1,3,0,0,9,10,0,6,2,3,0,0,0,28,1,9,10.0,Matches,254147d4
128,Lewis Dobbin,eng ENG,FWMF,Everton,18,2003,0.4,1,0,0,1,1,0,0,0,1,0,0,0,4,0,6,0.0,Matches,e814e1cf
129,Matt Doherty,ie IRL,DF,Tottenham,29,1992,9.7,0,0,0,11,4,0,20,13,12,0,0,0,48,16,8,66.7,Matches,d557d734
130,Gabriel Dos Santos,br BRA,DF,Arsenal,23,1997,34.0,8,1,1,23,38,1,1,13,30,0,0,0,178,55,39,58.5,Matches,67ac5bb8
131,Abdoulaye Doucouré,ml MLI,MF,Everton,28,1993,28.2,6,0,0,39,16,1,11,28,43,0,0,0,213,35,37,48.6,Matches,02b29014
132,Kieran Dowell,eng ENG,FWMF,Norwich City,23,1997,10.1,0,0,0,19,4,0,38,7,7,0,0,0,37,8,28,22.2,Matches,2f6ec02a
133,Cody Drameh,eng ENG,DFMF,Leeds United,19,2001,1.4,1,0,0,2,0,0,2,1,2,0,0,0,3,1,1,50.0,Matches,e0d1510a
134,Martin Dúbravka,sk SVK,GK,Newcastle Utd,32,1989,26.0,1,0,0,0,6,0,0,0,1,0,0,0,19,4,1,80.0,Matches,3a949a25
135,Shane Duffy,ie IRL,DF,Brighton,29,1992,16.0,7,0,0,15,5,1,1,16,12,0,0,0,68,65,26,71.4,Matches,7314bba4
136,Paul Dummett,wls WAL,DF,Newcastle Utd,29,1991,2.2,2,0,0,3,3,0,3,3,3,0,0,0,5,5,2,71.4,Matches,3fe6bd8c
137,Lewis Dunk,eng ENG,DF,Brighton,29,1991,28.6,3,1,0,9,4,0,3,27,8,0,0,0,170,81,37,68.6,Matches,282f75f3
138,Ederson,br BRA,GK,Manchester City,27,1993,37.0,3,0,0,1,4,0,0,0,1,0,1,0,43,10,3,76.9,Matches,3bb7b8b4
139,Odsonne Édouard,fr FRA,FW,Crystal Palace,23,1998,17.4,4,0,0,25,6,4,7,0,10,0,0,0,62,38,45,45.8,Matches,0562b7f1
140,CJ Egan-Riley,eng ENG,DF,Manchester City,18,2003,0.0,0,0,0,0,0,0,0,0,1,0,0,0,1,0,0,,Matches,d313e8ff
141,Anthony Elanga,se SWE,FW,Manchester Utd,19,2002,13.5,0,0,0,8,22,3,21,9,20,0,0,0,50,24,18,57.1,Matches,2fba6108
142,Harvey Elliott,eng ENG,MF,Liverpool,18,2003,3.8,0,0,0,2,6,0,10,4,0,0,0,0,31,2,2,50.0,Matches,c8387671
143,Mohamed Elneny,eg EGY,MF,Arsenal,29,1992,9.0,1,0,0,5,5,0,0,14,8,0,0,0,51,6,6,50.0,Matches,47a34c4f
144,Mohamed Elyounoussi,no NOR,MFFW,Southampton,26,1994,22.7,4,0,0,28,18,1,29,12,17,0,0,0,82,38,46,45.2,Matches,68dc0dac
145,Emerson,br BRA,DFMF,Tottenham,22,1999,25.4,5,0,0,28,45,2,74,22,47,0,0,0,152,33,42,44.0,Matches,df8b52a5
146,Christian Eriksen,dk DEN,MF,Brentford,29,1992,10.4,1,0,0,5,3,0,86,9,6,0,0,0,69,5,6,45.5,Matches,980522ec
147,Oghenekaro Etebo,ng NGA,MF,Watford,25,1995,4.5,3,0,0,8,3,0,2,5,8,0,0,0,31,3,1,75.0,Matches,b579e83d
148,Jonny Evans,nir NIR,DF,Leicester City,33,1988,15.0,3,0,0,15,11,0,3,20,14,0,0,0,105,48,17,73.8,Matches,f8fcd2a5
149,Eberechi Eze,eng ENG,MFFW,Crystal Palace,23,1998,6.7,1,0,0,5,12,0,27,5,6,0,0,0,38,7,13,35.0,Matches,ae4fc6a4
150,Łukasz Fabiański,pl POL,GK,West Ham,36,1985,37.0,2,0,0,1,7,0,0,0,0,0,1,0,21,11,0,100.0,Matches,9328b835
151,Fabinho,br BRA,MF,Liverpool,27,1993,25.7,7,0,0,40,28,0,6,39,25,0,0,0,193,43,24,64.2,Matches,7f3b388c
152,Kiko Femenía,es ESP,DF,Watford,30,1991,23.8,2,0,0,12,13,2,106,37,22,0,0,0,135,12,14,46.2,Matches,e5d01ecf
153,Evan Ferguson,ie IRL,MF,Brighton,16,2004,0.3,0,0,0,0,0,0,1,0,0,0,0,0,1,0,2,0.0,Matches,4596da74
154,Nathan Ferguson,eng ENG,DF,Crystal Palace,20,2000,0.1,0,0,0,0,0,0,0,0,0,0,0,0,0,0,0,,Matches,2f8d27bc
155,Bruno Fernandes,pt POR,MF,Manchester Utd,26,1994,34.6,10,0,0,33,47,3,148,17,28,0,0,0,180,19,30,38.8,Matches,507c7bdf
156,Álvaro Fernández,es ESP,GK,Brentford,23,1998,12.0,0,0,0,0,3,0,0,0,0,0,0,1,18,2,2,50.0,Matches,f127d782
157,Federico Fernández,ar ARG,DF,Newcastle Utd,32,1989,5.8,0,0,0,1,2,0,1,4,0,0,0,0,24,10,5,66.7,Matches,f25b010f
158,Fernandinho,br BRA,MFDF,Manchester City,36,1985,10.7,1,0,0,14,10,0,2,8,10,0,0,0,85,22,15,59.5,Matches,101da2b5
159,Roberto Firmino,br BRA,FW,Liverpool,29,1991,11.0,3,0,0,7,6,3,8,4,14,0,0,0,53,14,27,34.1,Matches,4c370d81
160,Junior Firpo,es ESP,DFMF,Leeds United,24,1996,19.0,11,0,0,39,15,1,26,24,29,0,0,1,89,27,19,58.7,Matches,24f59bb2
161,Ashley Fletcher,eng ENG,FW,Watford,25,1995,0.3,0,0,0,1,0,0,1,0,1,0,0,0,2,1,7,12.5,Matches,eeb6551f
162,Phil Foden,eng ENG,FW,Manchester City,21,2000,23.6,1,0,0,15,23,14,132,11,8,0,0,0,83,5,27,15.6,Matches,ed1e53f3
163,Wesley Fofana,fr FRA,DF,Leicester City,20,2000,7.0,2,0,0,7,7,0,0,12,8,0,0,0,43,20,10,66.7,Matches,132a82f1
164,Pablo Fornals,es ESP,FWMF,West Ham,25,1996,31.1,4,0,0,24,28,6,87,27,28,1,0,0,182,23,30,43.4,Matches,82927de4
165,Adam Forshaw,eng ENG,MF,Leeds United,29,1991,17.0,5,0,0,26,15,2,5,19,23,0,0,0,119,11,11,50.0,Matches,9f1938ab
166,Marcus Forss,fi FIN,FWMF,Brentford,22,1999,2.3,0,0,0,3,1,0,1,1,3,0,0,0,4,2,7,22.2,Matches,82c215a0
167,Fraser Forster,eng ENG,GK,Southampton,33,1988,19.0,1,0,0,0,3,0,0,0,0,0,0,0,7,7,0,100.0,Matches,c3e39f12
168,Ben Foster,eng ENG,GK,Watford,38,1983,26.0,0,0,0,1,4,0,0,0,0,0,1,0,54,5,3,62.5,Matches,d0b3ceb9
169,Tariqe Fosu,gh GHA,DF,Brentford,25,1995,0.2,0,0,0,0,1,0,1,0,0,0,0,0,1,0,1,0.0,Matches,3dcef539
170,Ryan Fraser,sct SCO,FWMF,Newcastle Utd,27,1994,16.3,3,0,0,10,24,2,88,11,3,0,0,0,61,5,22,18.5,Matches,d56543a0
171,Fred,br BRA,MF,Manchester Utd,28,1993,22.5,5,0,0,31,30,0,3,32,27,1,0,1,197,15,13,53.6,Matches,b853e0ad
172,Ryan Fredericks,eng ENG,DF,West Ham,28,1992,3.4,1,0,0,3,1,0,9,4,2,0,0,0,11,3,2,60.0,Matches,c067631c
173,Leo Fuhr Hjelde,no NOR,MFDF,Leeds United,17,2003,1.7,0,0,0,1,0,0,3,4,4,0,0,0,9,3,2,60.0,Matches,d102b8a2
174,Conor Gallagher,eng ENG,MF,Crystal Palace,21,2000,31.6,10,0,0,65,65,2,128,29,38,1,0,0,187,23,37,38.3,Matches,c2731c10
175,Alejandro Garnacho,es ESP,FWMF,Manchester Utd,17,2004,0.1,0,0,0,1,0,0,0,0,0,0,0,0,0,0,0,,Matches,7aa8adfe
176,Dwight Gayle,eng ENG,FWDF,Newcastle Utd,30,1990,0.4,1,0,0,2,2,0,0,1,0,0,0,0,2,1,1,50.0,Matches,e58a03c6
177,Jean-Philippe Gbamin,ci CIV,MF,Everton,25,1995,0.7,0,0,0,0,1,0,0,1,1,0,0,0,4,1,0,100.0,Matches,6bd603db
178,David de Gea,es ESP,GK,Manchester Utd,30,1990,38.0,0,0,0,0,1,0,0,0,0,0,0,0,30,8,0,100.0,Matches,7ba6d84e
179,Joe Gelhardt,eng ENG,FWMF,Leeds United,19,2002,8.3,4,0,0,17,24,5,3,0,3,2,0,0,30,11,21,34.4,Matches,01962d0d
180,Anwar El Ghazi,nl NED,FWMF,Aston Villa,26,1995,4.3,2,0,0,8,5,2,14,1,4,0,0,0,20,10,11,47.6,Matches,ffa90327
181,Anwar El Ghazi,nl NED,FWMF,Everton,26,1995,0.1,0,0,0,0,0,0,0,0,1,0,0,0,2,0,3,0.0,Matches,ffa90327
182,Saman Ghoddos,ir IRN,MFDF,Brentford,27,1993,6.0,2,0,0,12,10,0,21,3,10,1,0,0,36,11,15,42.3,Matches,f7b1d4e0
183,Dimitris Giannoulis,gr GRE,DF,Norwich City,25,1995,13.0,2,0,0,16,22,0,44,19,21,0,0,0,105,8,7,53.3,Matches,112c495e
184,Morgan Gibbs-White,eng ENG,DFFW,Wolves,21,2000,0.1,1,0,0,2,0,0,1,0,0,0,0,0,2,0,2,0.0,Matches,32f60ed8
185,Ben Gibson,eng ENG,DF,Norwich City,28,1993,27.7,5,1,1,12,9,0,1,27,16,0,3,0,108,52,39,57.1,Matches,bcfb0142
186,Billy Gilmour,sct SCO,MF,Norwich City,20,2001,20.6,2,0,0,28,21,1,98,17,21,0,1,0,124,13,20,39.4,Matches,df10e27c
187,Ben Godfrey,eng ENG,DF,Everton,23,1998,22.5,6,0,0,17,12,0,12,15,32,0,0,0,94,36,43,45.6,Matches,9f7c837d
188,André Gomes,pt POR,MF,Everton,28,1993,6.9,3,0,0,24,8,0,6,1,4,0,0,0,53,8,9,47.1,Matches,1961b2aa
189,Toti Gomes,pt POR,DF,Wolves,22,1999,4.0,1,0,0,2,3,1,1,8,7,0,0,0,17,13,10,56.5,Matches,f0caab96
190,Joe Gomez,eng ENG,DF,Liverpool,24,1997,3.7,2,0,0,5,2,0,19,5,6,0,0,0,19,10,6,62.5,Matches,7a11550b
191,Charlie Goode,eng ENG,DF,Brentford,25,1995,5.0,3,0,0,5,7,0,6,2,5,0,1,0,30,15,8,65.2,Matches,7aee4dd3
192,Anthony Gordon,eng ENG,MFFW,Everton,20,2001,25.4,4,0,0,25,64,8,119,22,32,2,0,0,116,17,38,30.9,Matches,2bd83368
193,Kaide Gordon,eng ENG,FW,Liverpool,16,2004,0.1,0,0,0,1,0,0,0,0,0,0,0,0,0,0,1,0.0,Matches,19a9cb70
194,Dan Gosling,eng ENG,MF,Watford,31,1990,1.8,0,0,0,2,5,0,1,0,1,0,0,0,14,5,4,55.6,Matches,7fec31a0
195,Demarai Gray,eng ENG,MFFW,Everton,25,1996,26.0,3,0,0,12,32,3,129,15,19,0,0,0,100,4,31,11.4,Matches,4468ec10
196,Jack Grealish,eng ENG,FW,Manchester City,25,1995,21.3,3,0,0,17,55,5,32,8,17,0,0,0,63,14,28,33.3,Matches,b0b4fd3e
197,Mason Greenwood,eng ENG,FWMF,Manchester Utd,19,2001,14.1,1,0,0,15,16,3,34,1,9,0,0,0,55,4,8,33.3,Matches,58eee997
198,Sam Greenwood,eng ENG,MFFW,Leeds United,19,2002,2.6,0,0,0,7,2,2,6,2,5,0,0,0,14,2,3,40.0,Matches,f3354c07
199,Pascal Groß,de GER,MFDF,Brighton,30,1991,22.6,1,0,0,15,6,4,189,18,15,0,0,0,119,15,21,41.7,Matches,8aec0537
200,Vicente Guaita,es ESP,GK,Crystal Palace,34,1987,29.5,2,0,0,1,2,0,0,1,0,0,1,0,22,8,1,88.9,Matches,ab13a5aa
201,Marc Guéhi,eng ENG,DF,Crystal Palace,21,2000,35.8,4,0,0,14,34,0,3,30,17,0,1,0,192,68,54,55.7,Matches,d0706b27
202,Bruno Guimarães,br BRA,MF,Newcastle Utd,23,1997,11.5,4,0,0,13,36,4,12,9,23,0,0,0,81,4,9,30.8,Matches,82518f62
203,İlkay Gündoğan,de GER,MF,Manchester City,30,1990,20.6,1,0,0,13,10,2,67,15,9,0,0,0,110,11,12,47.8,Matches,819b3158
204,Angus Gunn,eng ENG,GK,Norwich City,25,1996,9.0,0,0,0,0,0,0,0,0,0,0,0,0,9,2,1,66.7,Matches,e082af5b
205,Grant Hanley,sct SCO,DF,Norwich City,29,1991,32.2,2,0,0,22,22,2,0,56,25,0,0,0,121,102,33,75.6,Matches,e9254eec
206,Jack Harrison,eng ENG,FWMF,Leeds United,24,1996,29.3,3,0,0,29,23,4,142,21,37,0,0,0,170,19,54,26.0,Matches,aa849a12
207,Kortney Hause,eng ENG,DF,Aston Villa,26,1995,4.4,0,0,0,6,2,1,0,6,3,0,1,0,41,20,8,71.4,Matches,bf8fad51
208,Kai Havertz,de GER,FWMF,Chelsea,22,1999,20.1,3,0,0,40,25,12,8,4,8,1,0,0,62,38,52,42.2,Matches,fed7cb61
209,Isaac Hayden,eng ENG,MFDF,Newcastle Utd,26,1995,11.1,5,0,0,14,8,0,8,14,14,0,0,0,46,19,15,55.9,Matches,c951a6df
210,Hwang Hee-chan,kr KOR,FWMF,Wolves,25,1996,20.2,2,0,0,29,42,3,7,13,13,0,0,0,92,7,21,25.0,Matches,169fd162
211,Jordan Henderson,eng ENG,MF,Liverpool,31,1990,28.9,3,0,0,23,7,3,56,23,20,0,0,0,228,18,13,58.1,Matches,935e6b8f
212,Jeff Hendrick,ie IRL,MF,Newcastle Utd,29,1992,0.8,0,0,0,1,0,0,0,0,1,0,0,0,2,1,1,50.0,Matches,989d5705
213,Wayne Hennessey,wls WAL,GK,Burnley,34,1987,2.0,0,0,0,0,1,0,0,1,0,0,0,0,3,1,0,100.0,Matches,76eca7e2
214,Rico Henry,eng ENG,DF,Brentford,24,1997,30.8,2,0,0,20,27,1,74,26,20,0,1,0,189,27,40,40.3,Matches,8a3c1dc7
215,Son Heung-min,kr KOR,MFFW,Tottenham,29,1992,33.4,2,0,0,14,36,17,192,13,6,2,0,0,144,16,35,31.4,Matches,92e7e919
216,Ki-Jana Hoever,nl NED,DFMF,Wolves,19,2002,3.4,1,0,0,5,4,1,8,6,6,0,0,0,13,3,2,60.0,Matches,9a71e978
217,Rob Holding,eng ENG,DF,Arsenal,25,1995,9.4,4,1,1,9,3,0,0,10,9,0,0,0,49,28,22,56.0,Matches,d79a8c87
218,Mason Holgate,eng ENG,DF,Everton,24,1996,23.7,7,1,0,26,15,0,4,26,18,0,0,1,105,61,31,66.3,Matches,d0042ab9
219,Callum Hudson-Odoi,eng ENG,MFFW,Chelsea,20,2000,10.7,1,0,0,10,17,4,32,2,10,1,0,0,39,4,8,33.3,Matches,15f3ec41
220,Will Hughes,eng ENG,MF,Crystal Palace,26,1995,11.7,6,0,0,18,17,0,35,8,14,1,1,0,84,11,20,35.5,Matches,a0666d3e
221,Pierre Højbjerg,dk DEN,MF,Tottenham,25,1995,35.5,3,0,0,28,39,0,18,48,45,0,0,0,281,23,19,54.8,Matches,8b04d6c1
222,Adam Idah,ie IRL,FWMF,Norwich City,20,2001,6.9,0,0,0,7,10,10,13,3,6,0,0,0,29,16,27,37.2,Matches,291e3ec3
223,Kelechi Iheanacho,ng NGA,FW,Leicester City,24,1996,14.0,1,0,0,17,11,7,6,4,7,0,0,0,42,16,38,29.6,Matches,c92e1a31
224,Danny Ings,eng ENG,FW,Aston Villa,29,1992,21.1,4,0,0,16,12,11,13,6,16,0,0,0,47,27,40,40.3,Matches,07802f7f
225,Tim Iroegbunam,eng ENG,MF,Aston Villa,18,2003,1.0,1,0,0,2,0,0,0,2,4,0,0,0,9,3,0,100.0,Matches,84c5ceea
226,Alex Iwobi,ng NGA,MFDF,Everton,25,1996,22.6,1,0,0,16,6,3,32,20,19,0,1,0,130,9,21,30.0,Matches,6ca5ec4b
227,Daniel James,wls WAL,FW,Manchester Utd,23,1997,1.4,0,0,0,1,0,2,5,0,1,0,0,0,4,1,1,50.0,Matches,c931d9f9
228,Daniel James,wls WAL,FWMF,Leeds United,23,1997,26.3,7,1,0,30,38,13,60,8,14,1,0,0,82,13,53,19.7,Matches,c931d9f9
229,Reece James,eng ENG,DF,Chelsea,21,1999,20.7,4,1,0,20,31,4,108,17,25,0,1,1,99,17,21,44.7,Matches,1265a93a
230,Vitaly Janelt,de GER,MF,Brentford,23,1998,25.5,3,0,0,26,25,3,40,28,32,0,0,0,143,33,25,56.9,Matches,8449d35e
231,Pontus Jansson,se SWE,DF,Brentford,30,1991,36.9,7,0,0,15,8,5,1,52,21,1,0,0,166,102,81,55.7,Matches,172e52d8
232,Mathias Jensen,dk DEN,MF,Brentford,25,1996,17.8,0,0,0,19,6,3,79,22,18,0,0,0,100,7,16,30.4,Matches,0f134faf
233,Gabriel Jesus,br BRA,FW,Manchester City,24,1997,20.9,1,0,0,26,26,10,24,15,12,2,0,0,76,21,36,36.8,Matches,b66315ae
234,Raúl Jiménez,mx MEX,FW,Wolves,30,1991,29.2,9,2,2,43,48,23,10,13,14,0,0,0,88,63,85,42.6,Matches,b561db50
235,João Pedro,br BRA,FWMF,Watford,19,2001,18.3,1,0,0,13,30,6,24,15,14,0,0,0,78,55,90,37.9,Matches,e8832875
236,Joelinton,br BRA,MFFW,Newcastle Utd,24,1996,28.4,8,0,0,64,33,3,22,34,38,0,0,0,181,99,97,50.5,Matches,c17bfb65
237,Ben Johnson,eng ENG,DF,West Ham,21,2000,15.5,1,0,0,10,4,0,55,22,16,0,0,0,78,15,19,44.1,Matches,9319781b
238,Curtis Jones,eng ENG,MF,Liverpool,20,2001,9.5,0,0,0,11,19,1,6,6,9,0,0,0,54,7,7,50.0,Matches,4fb9c88f
239,Phil Jones,eng ENG,DF,Manchester Utd,29,1992,1.8,0,0,0,0,2,0,0,3,5,0,0,0,9,2,0,100.0,Matches,def899bd
240,Jorginho,it ITA,MF,Chelsea,29,1991,25.3,5,0,0,30,38,0,3,36,33,0,0,0,208,13,26,33.3,Matches,45db685d
241,Diogo Jota,pt POR,FW,Liverpool,24,1996,26.3,3,0,0,41,40,5,21,6,18,2,0,0,100,37,83,30.8,Matches,178ae8f8
242,James Justin,eng ENG,DF,Leicester City,23,1998,11.1,0,0,0,7,12,1,15,17,13,0,0,0,62,13,16,44.8,Matches,fb614c44
243,Mathias Jørgensen,dk DEN,DF,Brentford,31,1990,5.8,2,0,0,10,1,0,7,10,4,0,0,0,20,10,9,52.6,Matches,0db5d2c8
244,Ozan Kabak,tr TUR,DF,Norwich City,21,2000,10.2,2,0,0,10,10,1,1,16,5,0,2,0,50,22,27,44.9,Matches,2d61d13a
245,Christian Kabasele,be BEL,DF,Watford,30,1991,13.3,0,0,0,5,3,0,1,14,5,0,0,0,58,47,12,79.7,Matches,914ab9a1
246,Samuel Kalu,ng NGA,FW,Watford,23,1997,2.5,0,0,0,0,4,3,8,3,2,0,0,0,9,0,3,0.0,Matches,b8d22478
247,Hassane Kamara,ci CIV,DF,Watford,27,1994,18.0,5,1,1,24,16,0,23,69,34,0,1,0,153,30,15,66.7,Matches,19a12bed
248,Harry Kane,eng ENG,FW,Tottenham,28,1993,35.9,5,0,0,42,54,16,42,3,5,0,0,0,92,75,81,48.1,Matches,21a66f6a
249,N'Golo Kanté,fr FRA,MF,Chelsea,30,1991,19.7,2,0,0,22,11,0,11,31,31,0,0,0,153,14,14,50.0,Matches,b9fbae28
250,Edo Kayembe,cd COD,MF,Watford,23,1998,8.9,0,0,0,4,5,1,8,9,13,0,0,0,77,13,19,40.6,Matches,f99b71de
251,Moise Kean,it ITA,FW,Everton,21,2000,0.0,0,0,0,0,0,0,0,0,0,0,0,0,1,0,0,,Matches,3d50bcdb
252,Michael Keane,eng ENG,DF,Everton,28,1993,31.0,4,1,1,16,7,1,1,62,25,0,0,2,149,96,59,61.9,Matches,c5b7c315
253,Naby Keïta,gn GUI,MF,Liverpool,26,1995,13.0,3,0,0,21,9,0,8,14,23,0,0,0,68,6,15,28.6,Matches,f25c8e3a
254,Caoimhín Kelleher,ie IRL,GK,Liverpool,22,1998,2.0,0,0,0,0,1,0,0,0,1,0,0,0,4,1,0,100.0,Matches,62d7ef38
255,Kenedy,br BRA,DF,Chelsea,25,1996,0.6,0,0,0,0,0,0,1,0,2,0,0,0,8,0,1,0.0,Matches,5eebbfdf
256,Jonjoe Kenny,eng ENG,DF,Everton,24,1997,11.3,3,1,1,9,6,1,23,20,7,0,0,0,58,9,11,45.0,Matches,099e666f
257,Max Kilman,eng ENG,DF,Wolves,24,1997,29.9,3,0,0,17,11,0,2,45,26,0,1,0,155,66,39,62.9,Matches,d0f72bf1
258,Joshua King,no NOR,FW,Watford,29,1992,25.0,5,0,0,43,21,8,13,8,15,1,0,0,83,100,119,45.7,Matches,43458538
259,Kristoffer Klaesson,no NOR,GK,Leeds United,20,2000,0.4,0,0,0,0,0,0,0,0,0,0,0,0,2,1,0,100.0,Matches,3f70db80
260,Mateusz Klich,pl POL,MF,Leeds United,31,1990,23.0,5,0,0,40,15,2,30,11,25,0,1,0,171,7,13,35.0,Matches,282679b4
261,Robin Koch,de GER,MFDF,Leeds United,25,1996,17.5,3,0,0,22,10,0,4,20,13,0,0,0,104,45,44,50.6,Matches,ea6bc03a
262,Sead Kolašinac,ba BIH,DF,Arsenal,28,1993,1.0,1,0,0,2,0,0,0,4,0,0,0,0,2,0,0,,Matches,3935e52e
263,Ibrahima Konaté,fr FRA,DF,Liverpool,22,1999,11.0,2,0,0,10,3,0,0,16,10,0,0,0,64,34,19,64.2,Matches,5ed9b537
264,Ezri Konsa,eng ENG,DF,Aston Villa,23,1997,27.5,6,2,1,18,36,1,1,15,15,0,1,0,105,58,42,58.0,Matches,0313a347
265,Cheikhou Kouyaté,sn SEN,MF,Crystal Palace,31,1989,21.9,3,0,0,30,21,0,4,38,38,0,0,0,136,50,29,63.3,Matches,8d3c902d
266,Mateo Kovačić,hr CRO,MF,Chelsea,27,1994,17.3,4,0,0,24,20,0,6,7,31,0,0,0,111,5,5,50.0,Matches,79c0821a
267,Emil Krafth,se SWE,DF,Newcastle Utd,26,1994,18.2,5,0,0,22,11,0,21,25,16,0,0,0,94,22,29,43.1,Matches,77cf6852
268,Alex Král,cz CZE,MF,West Ham,23,1998,0.0,0,0,0,0,0,0,0,0,0,0,0,0,1,1,1,50.0,Matches,e717705a
269,Tim Krul,nl NED,GK,Norwich City,33,1988,29.0,1,0,0,0,0,0,0,0,1,0,0,1,19,7,3,70.0,Matches,f23f9d20
270,Juraj Kucka,sk SVK,MF,Watford,34,1987,21.3,5,1,1,46,49,2,16,27,39,0,1,1,158,56,47,54.4,Matches,5aaef9ef
271,Dejan Kulusevski,se SWE,MFFW,Tottenham,21,2000,14.0,3,0,0,20,15,4,25,13,13,0,0,0,75,3,8,27.3,Matches,df3cda47
272,Alexandre Lacazette,fr FRA,FW,Arsenal,30,1991,19.8,0,0,0,32,29,6,7,5,10,4,0,0,52,21,47,30.9,Matches,9dbb75ca
273,Adam Lallana,eng ENG,MF,Brighton,33,1988,17.3,4,0,0,11,17,0,3,16,17,0,0,0,126,15,8,65.2,Matches,99813635
274,Tariq Lamptey,gh GHA,DFFW,Brighton,20,2000,17.3,4,0,0,27,50,3,93,21,25,0,0,0,100,7,27,20.6,Matches,f4e433d4
275,Manuel Lanzini,ar ARG,MFFW,West Ham,28,1993,19.8,2,0,0,11,18,1,28,19,15,0,0,0,124,5,17,22.7,Matches,26f6dca8
276,Aymeric Laporte,es ESP,DF,Manchester City,27,1994,31.4,5,1,0,14,10,2,5,20,15,1,0,0,182,52,32,61.9,Matches,119b9a8e
277,Jamaal Lascelles,eng ENG,DF,Newcastle Utd,27,1993,22.9,5,0,0,17,4,0,0,22,7,0,3,2,86,89,31,74.2,Matches,450ab6fc
278,Pierre Lees-Melou,fr FRA,MF,Norwich City,28,1993,25.2,5,0,0,35,23,2,33,25,36,1,0,0,181,14,15,48.3,Matches,f5044e54
279,Aaron Lennon,eng ENG,MFFW,Burnley,34,1987,17.2,2,0,0,19,20,4,40,9,17,0,1,0,73,7,21,25.0,Matches,2ff964a0
280,Bernd Leno,de GER,GK,Arsenal,29,1992,4.0,0,0,0,0,0,0,0,0,1,0,0,0,2,3,1,75.0,Matches,2628fd2b
281,Jamal Lewis,nir NIR,DF,Newcastle Utd,23,1998,2.9,1,0,0,2,2,0,3,3,6,0,0,0,13,1,4,20.0,Matches,efb9215a
282,Victor Lindelöf,se SWE,DF,Manchester Utd,27,1994,26.2,4,0,0,19,6,2,0,25,11,0,0,0,161,52,33,61.2,Matches,f5deef4c
283,Jesse Lingard,eng ENG,FWMF,Manchester Utd,28,1992,4.1,1,0,0,5,4,1,8,0,7,0,0,0,19,0,1,0.0,Matches,810e3c74
284,Valentino Livramento,eng ENG,DF,Southampton,18,2002,24.5,2,0,0,12,36,1,62,47,28,1,0,0,176,24,25,49.0,Matches,afed6722
285,Diego Llorente,es ESP,DF,Leeds United,27,1993,26.0,7,0,0,23,21,0,2,40,31,0,0,0,171,49,64,43.4,Matches,bba30585
286,Hugo Lloris,fr FRA,GK,Tottenham,34,1986,38.0,2,0,0,0,2,0,0,1,1,0,0,0,28,12,2,85.7,Matches,8f62b6ee
287,Giovani Lo Celso,ar ARG,MFFW,Tottenham,25,1996,2.6,0,0,0,2,6,1,10,1,4,0,0,0,11,0,3,0.0,Matches,d7553721
288,Jürgen Locadia,nl NED,MFFW,Brighton,27,1993,0.3,0,0,0,1,1,0,0,0,0,0,0,0,0,0,0,,Matches,6cc47ae1
289,Ruben Loftus-Cheek,eng ENG,MFDF,Chelsea,25,1996,15.5,1,0,0,18,41,2,7,11,10,0,0,0,109,36,18,66.7,Matches,e97fd090
290,Kevin Long,ie IRL,DF,Burnley,30,1990,4.6,1,0,0,4,3,1,0,1,2,0,0,0,11,12,7,63.2,Matches,5a4280b1
291,Shane Long,ie IRL,FW,Southampton,34,1987,3.4,1,0,0,9,8,3,1,0,5,0,0,0,9,24,19,55.8,Matches,9f472354
292,Sean Longstaff,eng ENG,MF,Newcastle Utd,23,1997,16.3,1,0,0,14,17,0,11,9,34,0,0,0,95,13,18,41.9,Matches,a2b105e0
293,Ademola Lookman,ng NGA,FWMF,Leicester City,23,1997,16.1,2,0,0,27,33,6,18,10,14,0,0,0,102,3,11,21.4,Matches,7c104bb7
294,Jonas Lössl,dk DEN,GK,Brentford,32,1989,2.0,0,0,0,0,0,0,0,0,0,0,0,0,3,0,0,,Matches,939bc634
295,Imran Louza,ma MAR,MF,Watford,22,1999,15.7,6,0,0,24,13,0,54,42,21,0,0,0,129,12,19,38.7,Matches,e1df6989
296,Matthew Lowton,eng ENG,DF,Burnley,32,1989,19.7,3,1,0,13,6,0,51,26,24,0,0,0,118,25,16,61.0,Matches,9a9c05db
297,Douglas Luiz,br BRA,MF,Aston Villa,23,1998,30.2,7,0,0,37,41,0,83,34,39,0,0,0,183,26,32,44.8,Matches,6f7d826d
298,Romelu Lukaku,be BEL,FW,Chelsea,28,1993,17.7,1,0,0,8,12,14,7,0,1,3,0,0,33,51,47,52.0,Matches,5eae500a
299,Lyanco,br BRA,DF,Southampton,24,1997,10.1,2,0,0,13,7,0,4,13,15,0,0,0,73,19,14,57.6,Matches,b5bf1770
300,Alexis Mac Allister,ar ARG,MFFW,Brighton,22,1998,23.6,4,0,0,30,39,4,66,13,40,0,0,0,149,24,23,51.1,Matches,83d074ff
301,James Maddison,eng ENG,MFFW,Leicester City,24,1996,27.3,3,0,0,22,64,4,124,11,20,1,0,0,107,5,12,29.4,Matches,ee38d9c5
302,Harry Maguire,eng ENG,DF,Manchester Utd,28,1993,27.9,9,1,1,21,19,1,2,32,21,0,0,1,148,75,28,72.8,Matches,d8931174
303,Riyad Mahrez,dz ALG,FW,Manchester City,30,1991,16.6,0,0,0,10,15,3,97,6,3,0,0,0,70,8,14,36.4,Matches,892d5bb1
304,Ainsley Maitland-Niles,eng ENG,MF,Arsenal,23,1997,3.0,0,0,0,4,3,0,2,4,4,0,0,0,23,3,3,50.0,Matches,e3a5814e
305,Sadio Mané,sn SEN,FW,Liverpool,29,1992,31.3,5,0,0,50,50,19,50,8,20,1,0,0,109,30,50,37.5,Matches,c691bfe2
306,Javier Manquillo,es ESP,DF,Newcastle Utd,27,1994,14.0,5,0,0,9,17,1,9,10,29,0,0,0,57,16,13,55.2,Matches,758dd7f0
307,Fernando Marçal,br BRA,MFDF,Wolves,32,1989,16.1,3,0,0,29,9,1,60,28,22,0,1,0,94,26,18,59.1,Matches,9ae9eaea
308,Solly March,eng ENG,DFFW,Brighton,27,1994,19.4,1,0,0,31,20,12,94,17,17,0,0,0,92,17,26,39.5,Matches,bb5fbd2b
309,Pablo Marí,es ESP,DF,Arsenal,27,1993,2.0,1,0,0,1,1,0,0,3,3,0,0,0,10,5,3,62.5,Matches,aa54ec6f
310,Anthony Martial,fr FRA,FW,Manchester Utd,25,1995,2.4,0,0,0,0,4,2,4,0,0,0,0,0,5,4,4,50.0,Matches,8b788c01
311,Martinelli,br BRA,FWMF,Arsenal,20,2001,20.7,3,1,1,24,20,10,74,20,19,0,0,0,86,18,44,29.0,Matches,48a5a5d6
312,Emiliano Martínez,ar ARG,GK,Aston Villa,28,1992,36.0,4,0,0,0,6,0,0,0,1,0,0,0,32,8,1,88.9,Matches,7956236f
313,Adam Masina,ma MAR,DF,Watford,27,1994,12.0,0,0,0,14,4,0,30,18,13,0,1,0,70,29,17,63.0,Matches,de0f152c
314,Arthur Masuaku,cd COD,DFFW,West Ham,27,1993,7.2,1,0,0,8,4,0,23,9,23,0,0,0,50,16,6,72.7,Matches,57df7a11
315,Juan Mata,es ESP,MF,Manchester Utd,33,1988,2.6,0,0,0,2,4,2,6,1,4,0,0,0,22,0,0,,Matches,29733c72
316,Jean-Philippe Mateta,fr FRA,FW,Crystal Palace,24,1997,12.7,2,0,0,16,7,13,6,4,4,0,0,0,30,39,43,47.6,Matches,50e6dc35
317,Nemanja Matić,rs SRB,MF,Manchester Utd,32,1988,15.4,3,0,0,26,3,0,6,31,18,0,0,0,124,28,17,62.2,Matches,eb7822d7
318,Joël Matip,cm CMR,DF,Liverpool,29,1991,31.0,2,0,0,13,11,0,1,44,34,0,0,0,185,108,50,68.4,Matches,b217ef29
319,Neal Maupay,fr FRA,FW,Brighton,24,1996,25.3,7,0,0,33,31,6,8,2,10,0,0,0,76,21,56,27.3,Matches,4bcf39f6
320,Bryan Mbeumo,cm CMR,FW,Brentford,21,1999,32.3,4,0,0,20,38,13,75,11,16,0,0,0,130,29,103,22.0,Matches,6afaebf2
321,James McArthur,sct SCO,MF,Crystal Palace,33,1987,16.0,4,0,0,24,20,3,18,30,23,0,0,0,135,22,31,41.5,Matches,cee31595
322,James Mcatee,eng ENG,MFFW,Manchester City,18,2002,0.2,0,0,0,1,0,0,0,0,0,0,0,0,1,1,0,100.0,Matches,96593e89
323,Kasey McAteer,eng ENG,FW,Leicester City,19,2001,0.0,0,0,0,0,0,0,0,0,0,0,0,0,1,0,0,,Matches,b2c66859
324,Liam McCarron,sct SCO,FW,Leeds United,20,2001,0.1,0,0,0,0,0,0,0,0,0,0,0,0,1,0,0,,Matches,076bb352
325,Alex McCarthy,eng ENG,GK,Southampton,31,1989,17.0,1,0,0,0,1,0,0,0,0,0,0,0,9,6,0,100.0,Matches,36c2ca73
326,John McGinn,sct SCO,MF,Aston Villa,26,1994,34.3,8,0,0,57,81,0,110,35,64,0,0,0,200,22,17,56.4,Matches,90f91999
327,Stuart McKinstry,sct SCO,MF,Leeds United,18,2002,0.0,0,0,0,0,0,0,0,0,0,0,0,0,1,0,0,,Matches,1000a059
328,Kenny McLean,sct SCO,MF,Norwich City,29,1992,30.1,3,0,0,16,38,3,37,34,22,0,1,0,149,68,72,48.6,Matches,471f16b3
329,Dwight McNeil,eng ENG,MF,Burnley,21,1999,34.5,1,0,0,16,36,1,199,35,49,0,0,0,223,13,16,44.8,Matches,fc15fb84
330,Scott McTominay,sct SCO,MF,Manchester Utd,24,1996,26.5,9,0,0,55,33,1,13,31,33,0,1,0,171,67,34,66.3,Matches,d93c2511
331,Ben Mee,eng ENG,DF,Burnley,31,1989,20.4,3,0,0,9,7,2,4,24,12,0,0,1,132,68,41,62.4,Matches,8df7a2fb
332,Hannibal Mejbri,tn TUN,FW,Manchester Utd,18,2003,0.8,2,0,0,3,0,1,0,0,1,0,0,0,1,0,1,0.0,Matches,ca22ccb0
333,Benjamin Mendy,fr FRA,DF,Manchester City,27,1994,0.9,0,0,0,2,0,0,9,0,2,0,0,0,5,0,3,0.0,Matches,5271c8f1
334,Edouard Mendy,sn SEN,GK,Chelsea,29,1992,34.0,3,0,0,1,3,0,0,0,0,0,1,0,42,11,1,91.7,Matches,33887998
335,Nampalys Mendy,sn SEN,MF,Leicester City,29,1992,11.5,3,0,0,17,18,0,0,11,6,0,0,0,72,5,9,35.7,Matches,1598599e
336,Illan Meslier,fr FRA,GK,Leeds United,21,2000,37.6,2,0,0,0,8,0,0,0,1,0,0,0,25,13,2,86.7,Matches,6b625ac2
337,Luka Milivojević,rs SRB,MF,Crystal Palace,30,1991,8.6,1,0,0,15,10,0,43,11,9,0,1,1,58,13,6,68.4,Matches,2ce2508a
338,James Milner,eng ENG,MFDF,Liverpool,35,1986,9.5,2,0,0,17,14,0,43,17,16,0,0,0,72,13,10,56.5,Matches,2f90f6b8
339,Yerry Mina,co COL,DF,Everton,26,1994,9.4,3,0,0,5,9,1,3,11,10,0,0,0,45,30,16,65.2,Matches,6d5701f2
340,Takumi Minamino,jp JPN,FWMF,Liverpool,26,1995,2.1,1,0,0,4,4,0,0,1,2,0,0,0,13,1,5,16.7,Matches,f833a830
341,Tyrone Mings,eng ENG,DF,Aston Villa,28,1993,35.4,11,0,0,27,24,1,4,46,12,0,1,0,191,81,47,63.3,Matches,8397a50c
342,Tyrick Mitchell,eng ENG,DF,Crystal Palace,21,1999,34.5,1,0,0,15,14,2,62,41,57,1,0,0,237,29,32,47.5,Matches,5cbd1eb0
343,Jakub Moder,pl POL,MF,Brighton,22,1999,18.9,1,0,0,19,11,0,45,10,25,0,0,0,107,25,37,40.3,Matches,f230bc30
344,Wesley Moraes,br BRA,FW,Aston Villa,24,1996,0.0,0,0,0,1,0,0,0,0,0,0,0,0,0,1,2,33.3,Matches,bfae110f
345,Tyler Morton,eng ENG,MF,Liverpool,18,2002,0.7,1,0,0,1,0,0,0,3,0,0,0,0,5,2,3,40.0,Matches,2bc28bb9
346,Mason Mount,eng ENG,MF,Chelsea,22,1999,26.3,4,0,0,30,23,5,153,13,16,0,0,0,107,6,31,16.2,Matches,9674002f
347,Lucas Moura,br BRA,FWMF,Tottenham,28,1992,19.7,4,0,0,20,37,3,33,18,10,0,0,0,95,48,32,60.0,Matches,2b622f01
348,João Moutinho,pt POR,MF,Wolves,34,1986,33.0,4,0,0,36,15,0,108,34,39,0,1,0,254,15,23,39.5,Matches,f5a00fa4
349,Bali Mumba,eng ENG,DF,Norwich City,19,2001,0.5,0,0,0,0,0,0,0,0,1,0,0,0,2,0,1,0.0,Matches,2d760d7b
350,Jacob Murphy,eng ENG,FWDF,Newcastle Utd,26,1995,16.4,4,0,0,16,14,2,54,23,26,0,1,0,98,14,33,29.8,Matches,de112b84
351,Enock Mwepu,zm ZAM,MF,Brighton,23,1998,11.1,2,0,0,18,15,2,7,12,12,1,1,0,70,9,29,23.7,Matches,1d5cab82
352,Vitaliy Mykolenko,ua UKR,DF,Everton,22,1999,11.7,0,0,0,13,9,0,41,16,15,1,0,0,64,10,12,45.5,Matches,30d4a2e5
353,Marvelous Nakamba,zw ZIM,MF,Aston Villa,27,1994,10.0,5,0,0,16,9,0,1,12,19,0,0,0,82,10,12,45.5,Matches,de5b5570
354,Wilfred Ndidi,ng NGA,MFDF,Leicester City,24,1996,18.0,4,0,0,30,22,1,1,42,32,0,2,0,165,42,32,56.8,Matches,6b47c5db
355,Tanguy Ndombele,fr FRA,MF,Tottenham,24,1996,5.4,1,0,0,3,9,0,3,1,7,0,0,0,27,2,1,66.7,Matches,5cdddffa
356,Reiss Nelson,eng ENG,FW,Arsenal,21,1999,0.2,0,0,0,0,0,0,0,0,0,0,0,0,2,0,0,,Matches,c5bdb6e3
357,Pedro Neto,pt POR,FWMF,Wolves,21,2000,5.2,3,0,0,2,6,1,37,6,4,0,0,0,21,3,6,33.3,Matches,7ba2eaa9
358,Rúben Neves,pt POR,MF,Wolves,24,1997,29.6,9,0,0,25,12,1,44,41,37,0,0,0,243,19,26,42.2,Matches,44bfb6c5
359,Jeremy Ngakia,eng ENG,DF,Watford,20,2000,10.0,0,0,0,10,6,0,25,12,18,0,0,0,56,16,18,47.1,Matches,3631ad41
360,Saúl Ñíguez,es ESP,DFMF,Chelsea,26,1994,5.3,1,0,0,9,0,0,10,7,9,0,0,0,18,8,11,42.1,Matches,c14bc029
361,Eddie Nketiah,eng ENG,FW,Arsenal,22,1999,9.3,3,0,0,17,14,5,4,4,4,0,0,0,27,8,33,19.5,Matches,a53649b7
362,Nicolas Nkoulou,cm CMR,DF,Watford,31,1990,1.9,0,0,0,1,0,0,0,2,0,0,0,0,9,2,0,100.0,Matches,93cf32a8
363,Mark Noble,eng ENG,MF,West Ham,34,1987,3.7,0,0,0,3,4,0,2,4,2,0,0,0,38,1,1,50.0,Matches,ff527768
364,Mathias Normann,no NOR,MF,Norwich City,25,1996,18.3,6,0,0,37,28,1,34,19,21,0,1,0,106,27,15,64.3,Matches,8996350d
365,Christian Nørgaard,dk DEN,MF,Brentford,27,1994,33.9,8,0,0,56,33,0,13,64,60,0,0,0,270,50,68,42.4,Matches,df0a4c90
366,Angelo Ogbonna,it ITA,DF,West Ham,33,1988,10.2,1,0,0,5,3,0,0,11,4,0,0,0,45,27,12,69.2,Matches,74b2cd7e
367,Michael Olise,fr FRA,FWMF,Crystal Palace,19,2001,12.7,4,0,0,16,27,1,96,6,18,0,0,0,66,7,17,29.2,Matches,c4486bac
368,Robin Olsen,se SWE,GK,Aston Villa,31,1990,1.0,0,0,0,0,0,0,0,0,0,0,0,0,0,0,0,,Matches,e7ee38c3
369,Andrew Omobamidele,ie IRL,DF,Norwich City,19,2002,4.2,1,0,0,3,5,0,0,5,6,0,0,0,29,5,10,33.3,Matches,c393a6c4
370,Tyler Onyango,eng ENG,MF,Everton,18,2003,0.3,0,0,0,0,0,0,0,0,0,0,0,0,0,1,2,33.3,Matches,d86a1f3e
371,Frank Onyeka,ng NGA,MF,Brentford,23,1998,11.6,4,0,0,33,25,0,12,14,17,1,0,0,69,15,21,41.7,Matches,2944f86f
372,Divock Origi,be BEL,FW,Liverpool,26,1995,1.5,0,0,0,2,1,0,0,1,0,0,0,0,7,2,4,33.3,Matches,43a166b4
373,Alex Oxlade-Chamberlain,eng ENG,MFFW,Liverpool,27,1993,8.7,0,0,0,10,3,2,26,6,11,0,0,0,33,5,12,29.4,Matches,38c7feef
374,Cole Palmer,eng ENG,FWMF,Manchester City,19,2002,1.4,0,0,0,1,1,0,3,1,1,0,0,0,3,2,0,100.0,Matches,dc7f8a28
375,Emerson Palmieri,it ITA,DF,Chelsea,26,1994,0.1,0,0,0,0,0,0,0,0,0,0,0,0,0,0,0,,Matches,e0bc6fdc
376,Thomas Partey,gh GHA,MF,Arsenal,28,1993,22.5,6,0,0,33,17,0,3,23,29,0,0,0,153,23,25,47.9,Matches,529f49ab
377,Nicolas Pépé,ci CIV,FWMF,Arsenal,26,1995,7.7,0,0,0,8,3,4,37,8,5,0,0,0,43,18,31,36.7,Matches,57e3f0c7
378,Ricardo Pereira,pt POR,DF,Leicester City,27,1993,11.0,3,0,0,6,16,0,14,17,20,0,0,0,64,15,14,51.7,Matches,75a72a99
379,Ayoze Pérez,es ESP,MFFW,Leicester City,28,1993,4.9,0,1,0,6,7,0,3,2,2,0,0,0,21,6,13,31.6,Matches,819aa8e7
380,Sonny Perkins,eng ENG,FW,West Ham,17,2004,0.0,0,0,0,0,0,0,0,0,0,,,0,,,,,Matches,87f12e30
381,Romain Perraud,fr FRA,DF,Southampton,23,1997,18.0,3,0,0,31,16,0,69,17,22,0,0,0,77,16,24,40.0,Matches,6dfd8f05
382,Kalvin Phillips,eng ENG,MF,Leeds United,25,1995,17.7,4,0,0,33,19,0,16,24,25,0,0,0,180,17,29,37.0,Matches,4f565d77
383,Jaden Philogene Bidace,eng ENG,FW,Aston Villa,19,2002,0.1,0,0,0,0,1,0,0,0,0,0,0,0,0,0,0,,Matches,19f4d211
384,Jordan Pickford,eng ENG,GK,Everton,27,1994,35.0,2,0,0,0,6,0,0,1,1,0,0,0,18,10,1,90.9,Matches,4806ec67
385,Erik Pieters,nl NED,DF,Burnley,32,1988,8.1,1,0,0,14,5,0,14,10,15,0,0,0,53,12,7,63.2,Matches,1ef37668
386,Ethan Pinnock,jm JAM,DF,Brentford,28,1993,29.9,1,0,0,9,14,1,21,44,35,0,0,0,141,142,71,66.7,Matches,e541326e
387,Daniel Podence,pt POR,FWMF,Wolves,25,1995,16.5,2,0,0,8,25,3,50,10,11,0,0,0,79,2,17,10.5,Matches,7fcc71d8
388,Paul Pogba,fr FRA,MFFW,Manchester Utd,28,1993,15.0,7,1,0,39,29,0,12,13,9,0,0,0,98,35,20,63.6,Matches,867239d3
389,Nick Pope,eng ENG,GK,Burnley,29,1992,36.0,1,0,0,0,4,0,0,2,0,0,0,0,50,18,0,100.0,Matches,4b40d9ca
390,Isaac Price,nir NIR,MF,Everton,17,2003,0.2,0,0,0,0,0,0,0,0,0,0,0,0,0,0,0,,Matches,b9403c99
391,Teemu Pukki,fi FIN,FW,Norwich City,31,1990,36.1,4,0,0,31,25,12,13,4,11,1,0,0,76,15,73,17.0,Matches,0745b37d
392,Christian Pulisic,us USA,MFFW,Chelsea,22,1998,14.3,2,0,0,15,31,4,14,5,7,0,0,0,53,12,28,30.0,Matches,1bf33a9a
393,Przemysław Płacheta,pl POL,FWMF,Norwich City,23,1998,5.6,1,0,0,1,6,0,23,2,3,0,0,0,25,1,8,11.1,Matches,3c33f9d9
394,Jesuran Rak Sakyi,eng ENG,FWMF,Crystal Palace,18,2002,0.9,0,0,0,1,3,0,2,1,0,0,0,0,6,0,1,0.0,Matches,45685411
395,Aaron Ramsdale,eng ENG,GK,Arsenal,23,1998,34.0,1,0,0,0,5,0,0,0,1,0,0,0,40,6,2,75.0,Matches,466fb2c5
396,Jacob Ramsey,eng ENG,MF,Aston Villa,20,2001,27.4,6,0,0,32,44,1,26,24,44,0,0,0,126,16,34,32.0,Matches,1544f145
397,Raphinha,br BRA,FWMF,Leeds United,24,1996,32.4,7,0,0,40,47,14,162,29,29,1,1,0,166,22,31,41.5,Matches,3423f250
398,Marcus Rashford,eng ENG,FWMF,Manchester Utd,23,1997,13.7,2,0,0,13,18,15,22,5,5,0,0,0,44,10,27,27.0,Matches,a1d5bd30
399,Milot Rashica,xk KVX,FWMF,Norwich City,25,1996,24.8,0,0,0,23,47,13,128,15,19,0,0,0,110,12,28,30.0,Matches,6c6a3300
400,David Raya,es ESP,GK,Brentford,25,1995,24.0,1,0,0,1,2,0,0,0,0,0,1,0,29,9,2,81.8,Matches,98ea5115
401,Nathan Redmond,eng ENG,MFFW,Southampton,27,1994,20.4,0,0,0,16,15,3,60,8,14,0,0,0,102,13,32,28.9,Matches,ab651565
402,Sergio Reguilón,es ESP,DFMF,Tottenham,24,1996,21.3,4,0,0,22,24,1,84,31,24,0,0,0,99,31,22,58.5,Matches,3353737a
403,Declan Rice,eng ENG,MF,West Ham,22,1999,35.3,8,0,0,28,11,0,30,63,42,0,0,0,286,42,27,60.9,Matches,1c7012b8
404,Taylor Richards,eng ENG,MF,Brighton,20,2000,0.3,0,0,0,1,1,0,0,0,0,0,0,0,3,1,0,100.0,Matches,e0243d23
405,Richarlison,br BRA,FW,Everton,24,1997,28.0,9,0,0,36,68,21,38,12,23,1,0,0,114,66,155,29.9,Matches,fa031b34
406,Jaïro Riedewald,nl NED,MF,Crystal Palace,24,1996,1.3,0,0,0,1,0,0,2,1,1,0,0,0,10,0,2,0.0,Matches,7a1f2c08
407,Matt Ritchie,sct SCO,DF,Newcastle Utd,31,1989,14.9,5,0,0,13,9,0,104,13,15,0,0,0,70,14,17,45.2,Matches,71ef519e
408,Connor Roberts,wls WAL,DF,Burnley,25,1995,18.8,2,0,0,7,29,1,29,22,13,0,0,0,82,13,17,43.3,Matches,24fae784
409,Tyler Roberts,wls WAL,MFFW,Leeds United,22,1999,11.0,5,0,0,14,20,3,14,5,7,0,0,0,47,8,23,25.8,Matches,6c17e046
410,Andrew Robertson,sct SCO,DF,Liverpool,27,1994,28.2,5,1,0,19,9,4,195,23,21,0,0,0,180,26,14,65.0,Matches,2e4f5f03
411,Joe Rodon,wls WAL,DF,Tottenham,23,1997,1.0,0,0,0,0,1,0,0,0,0,0,0,0,3,2,2,50.0,Matches,8d62d31a
412,Rodri,es ESP,MF,Manchester City,25,1996,32.0,5,0,0,43,20,0,9,28,43,0,0,0,292,85,33,72.0,Matches,6434f10d
413,Rodrigo,es ESP,MFFW,Leeds United,30,1991,25.2,9,0,0,21,30,4,29,11,9,0,0,0,103,17,48,26.2,Matches,1fb1c435
414,Jay Rodriguez,eng ENG,FW,Burnley,32,1989,15.4,3,0,0,31,16,17,7,4,12,0,0,0,37,55,67,45.1,Matches,4ab53cdb
415,Mads Roerslev,dk DEN,DF,Brentford,22,1999,13.8,1,0,0,18,8,2,35,16,12,0,1,0,54,12,25,32.4,Matches,57c94db2
416,Cristian Romero,ar ARG,DF,Tottenham,23,1998,20.5,8,0,0,28,15,2,0,33,39,0,1,0,148,43,30,58.9,Matches,a3d94a58
417,Oriol Romeu,es ESP,MF,Southampton,29,1991,32.1,9,0,0,46,24,0,13,51,39,0,0,0,259,67,47,58.8,Matches,4b511457
418,Cristiano Ronaldo,pt POR,FW,Manchester Utd,36,1985,27.3,8,0,0,16,18,33,15,2,6,2,0,0,52,42,68,38.2,Matches,dea698d9
419,Salomón Rondón,ve VEN,FW,Everton,31,1989,8.8,3,1,0,12,4,5,6,0,1,0,0,0,20,38,56,40.4,Matches,b318a643
420,Danny Rose,eng ENG,DF,Watford,31,1990,7.7,4,0,0,10,14,1,24,14,10,0,1,0,41,4,7,36.4,Matches,89d10e53
421,Jon Rowe,eng ENG,FWMF,Norwich City,18,2003,2.5,0,0,0,3,7,1,4,3,2,0,0,0,13,1,8,11.1,Matches,8c12f884
422,John Ruddy,eng ENG,GK,Wolves,34,1986,1.5,0,0,0,0,0,0,0,0,0,0,0,0,0,1,0,100.0,Matches,da8b19e2
423,Antonio Rüdiger,de GER,DF,Chelsea,28,1993,33.7,9,0,0,35,12,0,15,28,28,2,0,0,183,56,20,73.7,Matches,18b896d6
424,Lukas Rupp,de GER,MF,Norwich City,30,1991,8.5,0,0,0,7,8,0,3,9,4,0,0,0,55,5,10,33.3,Matches,3faa1780
425,José Sá,pt POR,GK,Wolves,28,1993,36.5,3,0,0,3,12,0,0,2,1,0,3,1,57,12,0,100.0,Matches,903b6e8b
426,Allan Saint-Maximin,fr FRA,FWMF,Newcastle Utd,24,1997,31.2,6,0,0,22,48,13,60,11,8,0,0,0,110,18,18,50.0,Matches,2b16cb1a
427,Romain Saïss,ma MAR,DF,Wolves,31,1990,30.1,6,0,0,30,15,3,9,58,27,0,2,0,157,72,50,59.0,Matches,9fbbcf39
428,Bukayo Saka,eng ENG,FWMF,Arsenal,19,2001,33.1,6,0,0,39,59,17,110,22,21,2,0,0,141,23,43,34.8,Matches,bc7dc64d
429,Mohamed Salah,eg EGY,FW,Liverpool,29,1992,30.7,1,0,0,12,23,12,41,6,8,2,0,0,86,7,33,17.5,Matches,e342ad68
430,Mohammed Salisu,gh GHA,DF,Southampton,22,1999,33.0,10,1,1,38,7,2,13,78,47,0,1,1,244,101,60,62.7,Matches,0b33f6ad
431,Albert Sambi Lokonga,be BEL,MF,Arsenal,21,1999,12.6,5,0,0,12,15,0,2,13,18,0,0,0,72,15,20,42.9,Matches,1b4f1169
432,Davinson Sánchez,co COL,DF,Tottenham,25,1996,18.1,4,0,0,16,11,1,2,30,22,0,0,0,103,45,36,55.6,Matches,da7b447d
433,Robert Sánchez,es ESP,GK,Brighton,23,1997,37.0,3,1,0,1,2,0,0,0,1,0,0,0,61,17,0,100.0,Matches,6a713852
434,Jadon Sancho,eng ENG,FWMF,Manchester Utd,21,2000,21.1,0,0,0,4,7,7,28,15,8,0,0,0,112,2,11,15.4,Matches,dbf053da
435,Morgan Sanson,fr FRA,MF,Aston Villa,26,1994,4.0,0,0,0,3,13,0,8,10,8,0,0,0,33,3,6,33.3,Matches,6e7f1353
436,Samir Santos,br BRA,DF,Watford,26,1994,18.6,4,0,0,17,16,0,0,43,11,0,0,0,103,47,34,58.0,Matches,92b4758e
437,Josh Sargent,us USA,FWMF,Norwich City,21,2000,17.5,1,0,0,9,23,4,11,11,14,0,0,0,70,40,48,45.5,Matches,a8d4428b
438,Jeremy Sarmiento,ec ECU,FWMF,Brighton,19,2002,0.5,0,0,0,0,2,0,0,0,1,0,0,0,3,1,2,33.3,Matches,ac0d576d
439,Ismaila Sarr,sn SEN,FWMF,Watford,23,1998,20.7,2,0,0,17,47,12,61,9,7,0,0,0,88,10,17,37.0,Matches,bfdb33aa
440,Malang Sarr,fr FRA,DF,Chelsea,22,1999,6.1,2,0,0,8,1,0,4,11,7,0,0,0,36,13,7,65.0,Matches,4315f30d
441,Dane Scarlett,eng ENG,MF,Tottenham,17,2004,0.0,0,0,0,0,0,0,0,0,0,0,0,0,0,0,0,,Matches,21945a9e
442,Fabian Schär,ch SUI,DF,Newcastle Utd,29,1991,24.0,4,0,0,24,11,3,7,32,11,0,0,0,131,45,42,51.7,Matches,c8aa95da
443,Jeffrey Schlupp,gh GHA,MFFW,Crystal Palace,28,1992,20.6,1,0,0,26,22,0,20,18,25,1,0,0,115,31,39,44.3,Matches,3312f911
444,Kasper Schmeichel,dk DEN,GK,Leicester City,34,1986,37.0,2,0,0,0,2,0,0,1,0,0,0,0,45,9,4,69.2,Matches,53af52f3
445,Ken Sema,se SWE,MFFW,Watford,27,1993,9.5,1,0,0,15,7,0,31,5,6,0,0,0,53,12,23,34.3,Matches,1770bd68
446,Nélson Semedo,pt POR,MFDF,Wolves,27,1993,23.7,1,0,0,23,24,4,32,21,39,0,1,0,155,15,27,35.7,Matches,d04b94db
447,Ryan Sessegnon,eng ENG,DFMF,Tottenham,21,2000,11.6,2,0,0,19,7,5,38,7,19,0,0,0,40,11,15,42.3,Matches,6aa3e78b
448,Jamie Shackleton,eng ENG,DFMF,Leeds United,21,1999,7.9,4,0,0,13,6,0,4,8,16,0,0,0,50,5,15,25.0,Matches,8d03ca5a
449,Luke Shaw,eng ENG,DF,Manchester Utd,26,1995,17.8,8,0,0,32,16,3,109,9,13,0,1,0,95,20,15,57.1,Matches,9c94165b
450,Jonjo Shelvey,eng ENG,MF,Newcastle Utd,29,1992,22.0,7,1,1,18,8,0,43,22,17,0,0,0,160,10,10,50.0,Matches,3727dd3c
451,Shola Shoretire,eng ENG,MF,Manchester Utd,17,2004,0.2,0,0,0,0,1,0,0,0,0,0,0,0,1,0,0,,Matches,00f0482f
452,Francisco Sierralta,cl CHI,DF,Watford,24,1997,4.7,0,0,0,4,3,0,0,6,3,0,0,1,17,15,1,93.8,Matches,0f933743
453,Bernardo Silva,pt POR,MFFW,Manchester City,26,1994,31.7,6,0,0,30,33,9,58,20,29,1,0,0,156,7,15,31.8,Matches,3eb22ec9
454,Fábio Silva,pt POR,FW,Wolves,19,2002,6.4,0,0,0,13,7,4,2,1,2,0,0,0,18,9,27,25.0,Matches,e7aa9d7c
455,Thiago Silva,br BRA,DF,Chelsea,36,1984,29.4,2,0,0,12,12,1,2,44,21,1,0,0,214,56,31,64.4,Matches,86e7deaf
456,Ellis Simms,eng ENG,FW,Everton,20,2001,0.7,0,0,0,0,0,0,0,0,0,0,0,0,1,2,4,33.3,Matches,26d3b5be
457,Moussa Sissoko,fr FRA,MF,Watford,31,1989,35.8,5,0,0,35,11,2,26,30,27,0,0,0,241,64,52,55.2,Matches,2acd49b9
458,Oliver Skipp,eng ENG,MF,Tottenham,20,2000,15.0,6,0,0,16,16,1,6,12,19,0,0,0,77,12,10,54.5,Matches,6250083a
459,William Smallbone,ie IRL,MFFW,Southampton,21,2000,1.5,0,0,0,2,1,0,4,2,4,0,0,0,12,1,3,25.0,Matches,5e105217
460,Emile Smith Rowe,eng ENG,MFFW,Arsenal,21,2000,21.3,1,0,0,5,21,2,45,15,7,0,0,0,105,7,18,28.0,Matches,17695062
461,Cédric Soares,pt POR,DF,Arsenal,29,1991,16.5,3,0,0,15,6,3,100,16,26,0,1,0,79,12,27,30.8,Matches,839c14e1
462,Tomáš Souček,cz CZE,MF,West Ham,26,1995,34.0,3,0,0,39,18,4,13,52,32,0,0,0,176,133,141,48.5,Matches,6613c819
463,Boubakary Soumaré,fr FRA,MF,Leicester City,22,1999,12.2,0,0,0,16,17,0,4,14,13,0,0,0,62,27,11,71.1,Matches,ae59b359
464,Çağlar Söyüncü,tr TUR,DF,Leicester City,25,1996,27.7,5,0,0,24,14,1,5,32,30,0,2,0,164,92,48,65.7,Matches,21166ff4
465,Tony Springett,eng ENG,MFFW,Norwich City,18,2002,1.6,1,0,0,1,4,0,2,0,1,0,0,0,6,1,6,14.3,Matches,35be8087
466,Jason Steele,eng ENG,GK,Brighton,30,1990,1.0,0,0,0,0,0,0,0,0,0,0,0,0,1,1,0,100.0,Matches,28300a16
467,Jed Steer,eng ENG,GK,Aston Villa,28,1992,1.0,0,0,0,0,0,0,0,0,0,0,0,0,2,0,0,,Matches,a8a3d139
468,Zack Steffen,us USA,GK,Manchester City,26,1995,1.0,0,0,0,0,0,0,0,0,0,0,0,0,2,0,0,,Matches,42130443
469,Dale Stephens,eng ENG,MF,Burnley,32,1989,1.4,1,0,0,5,0,0,0,1,1,0,0,0,7,0,2,0.0,Matches,653ee42d
470,Jack Stephens,eng ENG,DF,Southampton,27,1994,9.0,3,0,0,8,2,0,0,19,12,0,0,0,68,13,12,52.0,Matches,6adbc307
471,Raheem Sterling,eng ENG,FW,Manchester City,26,1994,23.6,1,0,0,19,37,10,50,12,10,2,0,0,86,4,18,18.2,Matches,b400bde0
472,Finley Stevens,wls WAL,DF,Brentford,18,2003,0.2,0,0,0,0,0,0,1,0,1,0,0,0,0,1,0,100.0,Matches,7e003182
473,John Stones,eng ENG,DF,Manchester City,27,1994,12.4,0,0,0,3,6,0,3,11,3,0,0,0,52,47,10,82.5,Matches,5eecec3d
474,Pascal Struijk,nl NED,DFMF,Leeds United,21,1999,22.8,6,1,0,25,8,1,0,33,39,0,0,0,161,40,39,50.6,Matches,f4d296e4
475,Crysencio Summerville,nl NED,MFFW,Leeds United,19,2001,1.4,0,0,0,1,1,0,3,2,3,0,0,0,11,0,6,0.0,Matches,df04eb4b
476,Jakob Sørensen,dk DEN,MFDF,Norwich City,23,1998,6.7,0,0,0,7,1,0,2,10,11,0,1,0,48,11,9,55.0,Matches,953c30b0
477,Japhet Tanganga,eng ENG,DF,Tottenham,22,1999,8.2,4,1,1,19,8,1,11,9,8,0,0,0,24,15,9,62.5,Matches,e9971f2d
478,Matt Targett,eng ENG,DF,Aston Villa,25,1995,15.9,2,0,0,15,11,0,59,23,18,0,1,1,73,32,14,69.6,Matches,e514ab62
479,Matt Targett,eng ENG,DF,Newcastle Utd,25,1995,16.0,1,0,0,9,12,1,76,25,26,0,0,0,72,19,12,61.3,Matches,e514ab62
480,James Tarkowski,eng ENG,DF,Burnley,28,1992,34.5,11,0,0,30,19,2,1,48,45,0,0,1,171,153,62,71.2,Matches,15ea812b
481,Nuno Tavares,pt POR,DF,Arsenal,21,2000,13.1,2,0,0,23,13,1,40,9,14,0,1,0,68,23,22,51.1,Matches,a65c844b
482,Charlie Taylor,eng ENG,DF,Burnley,27,1993,30.3,3,0,0,17,43,0,104,58,26,0,0,0,183,58,30,65.9,Matches,cc2d7ad5
483,Nathan Tella,eng ENG,MFFW,Southampton,22,1999,8.9,2,0,0,17,22,3,12,6,9,0,0,0,54,6,18,25.0,Matches,f1e94cd6
484,Alex Telles,br BRA,DF,Manchester Utd,28,1992,18.4,1,0,0,23,9,1,127,26,27,0,2,0,99,30,24,55.6,Matches,e73c9bb2
485,Luke Thomas,eng ENG,DF,Leicester City,20,2001,21.2,2,0,0,15,16,0,33,40,31,0,0,0,97,24,32,42.9,Matches,fc027d02
486,Dominic Thompson,eng ENG,DF,Brentford,21,2000,1.6,0,0,0,1,0,0,2,2,0,0,0,0,5,1,2,33.3,Matches,235a62f8
487,Youri Tielemans,be BEL,MF,Leicester City,24,1997,29.2,3,0,0,32,36,0,56,21,38,0,4,0,188,24,19,55.8,Matches,56f7a928
488,Kieran Tierney,sct SCO,DF,Arsenal,24,1997,21.3,0,0,0,5,16,1,79,15,14,0,0,0,85,12,23,34.3,Matches,fce2302c
489,Takehiro Tomiyasu,jp JPN,DF,Arsenal,22,1998,18.7,2,0,0,16,13,0,31,24,17,0,0,0,89,48,39,55.2,Matches,b3af9be1
490,James Tomkins,eng ENG,DF,Crystal Palace,32,1989,6.1,2,0,0,7,2,0,0,4,3,0,0,0,33,10,5,66.7,Matches,e7ca0439
491,Ivan Toney,eng ENG,FW,Brentford,25,1996,32.3,8,0,0,50,80,25,28,14,21,3,0,0,105,147,114,56.3,Matches,e09f279b
492,Ferrán Torres,es ESP,FW,Manchester City,21,2000,3.4,0,0,0,1,1,1,4,0,2,0,0,0,6,4,1,80.0,Matches,9e1035f8
493,Cenk Tosun,tr TUR,MF,Everton,30,1991,0.1,0,0,0,0,0,0,0,0,0,0,0,0,1,0,1,0.0,Matches,9a104dee
494,Andros Townsend,eng ENG,MFFW,Everton,30,1991,16.2,3,0,0,10,39,1,96,14,17,0,1,0,80,7,18,28.0,Matches,b28bbd58
495,Adama Traoré,es ESP,FWMF,Wolves,25,1996,11.9,0,0,0,10,26,9,39,2,3,0,0,0,49,15,16,48.4,Matches,9a28eba4
496,Bertrand Traoré,bf BFA,MFFW,Aston Villa,25,1995,2.4,0,0,0,0,4,2,5,0,3,1,0,0,11,4,4,50.0,Matches,c47541e0
497,Trézéguet,eg EGY,FW,Aston Villa,26,1994,0.1,0,0,0,0,0,0,0,0,0,0,0,0,0,0,0,,Matches,3ae14ed1
498,Francisco Trincão,pt POR,FWMF,Wolves,21,1999,14.8,0,0,0,13,22,1,33,12,15,0,0,0,73,6,16,27.3,Matches,77e39b04
499,Kieran Trippier,eng ENG,DF,Newcastle Utd,30,1990,4.8,0,0,0,3,3,0,28,10,10,0,0,0,31,10,5,66.7,Matches,21512407
500,William Troost-Ekong,ng NGA,DF,Watford,27,1993,15.4,3,0,0,13,2,1,0,7,9,0,1,0,74,24,23,51.1,Matches,7ed4921e
501,Leandro Trossard,be BEL,FWMF,Brighton,26,1994,31.2,2,0,0,24,26,13,51,15,20,1,1,0,142,9,20,31.0,Matches,38ceb24a
502,Kostas Tsimikas,gr GRE,DF,Liverpool,25,1996,9.7,3,0,0,20,6,0,116,10,12,0,0,0,62,12,11,52.2,Matches,f315ca93
503,Axel Tuanzebe,eng ENG,DF,Aston Villa,23,1997,5.6,1,0,0,3,3,0,1,5,3,0,0,0,29,13,12,52.0,Matches,2baec6ce
504,Ozan Tufan,tr TUR,MF,Watford,26,1995,3.7,0,0,0,9,0,0,7,2,2,0,0,0,13,3,9,25.0,Matches,17d45fb2
505,Christos Tzolis,gr GRE,FWMF,Norwich City,19,2002,3.7,0,0,0,2,4,2,7,1,3,0,0,0,13,3,11,21.4,Matches,9f333379
506,Yan Valery,tn TUN,DF,Southampton,22,1999,4.1,0,0,0,3,3,0,4,6,6,0,0,0,27,11,9,55.0,Matches,531a4aa8
507,Virgil van Dijk,nl NED,DF,Liverpool,30,1991,34.0,3,0,0,9,8,0,0,31,10,0,0,0,204,117,34,77.5,Matches,e06683ca
508,Raphaël Varane,fr FRA,DF,Manchester Utd,28,1993,20.3,0,0,0,5,7,0,1,18,19,0,0,0,78,55,20,73.3,Matches,9f8e9423
509,Jamie Vardy,eng ENG,FW,Leicester City,34,1987,20.1,2,0,0,13,12,19,12,1,5,0,0,1,25,24,50,32.4,Matches,45963054
510,Joël Veltman,nl NED,DF,Brighton,29,1992,31.9,6,0,0,39,38,0,42,45,48,1,1,0,182,55,29,65.5,Matches,dad4b285
511,Jannik Vestergaard,dk DEN,DF,Leicester City,28,1992,6.3,2,0,0,4,1,0,0,7,10,0,1,0,32,13,10,56.5,Matches,1900032e
512,Nikola Vlašić,hr CRO,FWMF,West Ham,23,1997,6.2,0,0,0,8,16,3,15,2,7,0,0,0,30,5,7,41.7,Matches,aa8e289e
513,Matěj Vydra,cz CZE,FW,Burnley,29,1992,7.5,1,0,0,9,8,5,2,0,7,0,0,0,14,18,50,26.5,Matches,0d4ceb32
514,Theo Walcott,eng ENG,MFFW,Southampton,32,1989,4.2,0,0,0,1,6,2,5,5,2,0,0,0,12,4,4,50.0,Matches,1ecb65be
515,Kyle Walker,eng ENG,DF,Manchester City,31,1990,19.5,1,0,0,7,12,1,35,14,6,0,0,0,104,19,16,54.3,Matches,86dd77d1
516,Kyle Walker-Peters,eng ENG,DF,Southampton,24,1997,29.3,5,0,0,27,47,3,50,37,33,0,0,0,187,27,28,49.1,Matches,984a5a64
517,Aaron Wan-Bissaka,eng ENG,DF,Manchester Utd,23,1997,19.9,2,0,0,15,13,1,35,34,36,0,1,0,126,19,32,37.3,Matches,9e525177
518,Danny Ward,wls WAL,GK,Leicester City,28,1993,1.0,0,0,0,0,0,0,0,0,0,0,0,0,1,0,0,,Matches,d3ce0e89
519,Joel Ward,eng ENG,DF,Crystal Palace,31,1989,27.6,8,0,0,22,21,1,43,32,26,0,0,0,140,58,39,59.8,Matches,8a7ff278
520,James Ward-Prowse,eng ENG,MF,Southampton,26,1994,35.7,3,1,0,22,15,0,302,40,24,0,0,0,259,27,34,44.3,Matches,3515d404
521,Ollie Watkins,eng ENG,FW,Aston Villa,25,1995,32.8,7,0,0,33,39,16,15,12,13,1,0,0,66,65,95,40.6,Matches,aed3a70f
522,Adam Webster,eng ENG,DF,Brighton,26,1995,15.9,5,0,0,16,4,0,6,17,8,0,0,0,89,56,15,78.9,Matches,c40b6180
523,Wout Weghorst,nl NED,FW,Burnley,28,1992,16.1,3,0,0,30,18,9,4,6,9,0,0,0,65,55,79,41.0,Matches,c4e87b8b
524,Danny Welbeck,eng ENG,FWMF,Brighton,30,1990,16.4,0,0,0,17,13,4,1,5,7,1,0,0,29,47,51,48.0,Matches,ce5143da
525,Timo Werner,de GER,FWMF,Chelsea,25,1996,14.3,1,0,0,11,12,11,23,2,4,0,0,0,37,6,16,27.3,Matches,49fe9070
526,Ashley Westwood,eng ENG,MF,Burnley,31,1990,25.4,7,0,0,29,22,0,122,30,12,0,1,0,174,9,13,40.9,Matches,495945ef
527,Ben White,eng ENG,DF,Arsenal,23,1997,32.0,3,0,0,19,27,0,0,42,23,0,1,1,158,60,40,60.0,Matches,35e413f1
528,Brandon Williams,eng ENG,DF,Norwich City,20,2000,23.6,8,0,0,23,44,0,14,44,37,0,0,0,158,14,17,45.2,Matches,5e74d6c8
529,Neco Williams,wls WAL,DF,Liverpool,20,2001,0.1,0,0,0,0,0,0,0,0,0,0,0,0,0,0,2,0.0,Matches,dd323728
530,Joe Willock,eng ENG,MF,Newcastle Utd,21,1999,22.6,0,0,0,34,26,0,16,21,37,0,0,0,121,16,24,40.0,Matches,a3b03921
531,Callum Wilson,eng ENG,FW,Newcastle Utd,29,1992,15.4,4,0,0,27,22,17,3,3,8,0,0,0,28,29,50,36.7,Matches,c596fcb0
532,Harry Winks,eng ENG,MF,Tottenham,25,1996,10.1,2,0,0,11,13,0,26,16,10,0,0,0,47,4,4,50.0,Matches,2f7acede
533,Yoane Wissa,cd COD,FW,Brentford,24,1996,14.3,0,0,0,8,22,7,11,8,6,0,0,0,58,20,31,39.2,Matches,2500cef9
534,Chris Wood,nz NZL,FW,Burnley,29,1991,15.2,1,0,0,14,7,16,5,0,5,0,0,0,23,92,91,50.3,Matches,4e9a0555
535,Chris Wood,nz NZL,FW,Newcastle Utd,29,1991,14.7,0,0,0,19,10,10,2,2,0,1,0,0,23,112,100,52.8,Matches,4e9a0555
536,Freddie Woodman,eng ENG,GK,Newcastle Utd,24,1997,4.0,0,0,0,0,0,0,0,0,0,0,0,0,2,0,0,,Matches,19e50035
537,Granit Xhaka,ch SUI,MFDF,Arsenal,28,1992,25.9,10,1,0,29,19,2,25,21,18,0,1,0,146,27,29,48.2,Matches,e61b8aee
538,Andriy Yarmolenko,ua UKR,FWMF,West Ham,31,1989,3.5,1,0,0,1,4,3,8,0,2,0,0,0,5,5,8,38.5,Matches,849c826a
539,Ashley Young,eng ENG,DFFW,Aston Villa,36,1985,13.9,2,0,0,16,32,1,44,13,6,0,0,1,66,6,15,28.6,Matches,be927d03
540,Nathan Young-Coombes,eng ENG,MF,Brentford,18,2003,0.0,0,0,0,1,0,0,0,0,0,0,0,0,0,0,0,,Matches,f9682888
541,Wilfried Zaha,ci CIV,FW,Crystal Palace,28,1992,30.7,6,1,1,37,101,24,48,5,20,1,0,0,166,12,35,25.5,Matches,b2bc3b1f
542,Christoph Zimmermann,de GER,DF,Norwich City,28,1993,1.7,0,0,0,1,2,0,0,1,3,0,0,0,11,2,0,100.0,Matches,2d5f03bf
543,Oleksandr Zinchenko,ua UKR,DF,Manchester City,24,1996,11.6,0,0,0,11,2,1,31,14,14,0,0,0,65,15,16,48.4,Matches,51cf8561
544,Hakim Ziyech,ma MAR,MFFW,Chelsea,28,1993,14.7,3,0,0,24,29,5,101,10,10,0,0,0,87,12,14,46.2,Matches,6622454d
545,Kurt Zouma,fr FRA,DF,West Ham,26,1994,23.1,1,0,0,11,6,0,1,34,6,0,0,1,92,50,31,61.7,Matches,ce4246f5
546,Martin Ødegaard,no NOR,MFFW,Arsenal,22,1998,30.9,4,0,0,27,20,3,59,11,21,0,2,0,162,14,23,37.8,Matches,79300479