,Name,Age,date,nationality,club,fee_y,position,market,match,goal,assist,minute,miss,clean,height,href,join,contract
0,Jens Petter Hauge,22,"Oct 12, 1999",Norway,MILAN,10.0,Right Winger,5.0,38,3,2,1399,0,0,1.84,/jens-petter-hauge/profil/spieler/422355,"Oct 1, 2020","Jun 30, 2025"
1,Léo Duarte,25,"Jul 17, 1996",Brazil,MILAN,2.0,Centre-Back,3.2,33,0,0,2872,0,0,1.83,/leo-duarte/profil/spieler/312678,"Aug 7, 2019","Jun 30, 2024"
2,Frank Tsadjout,22,"Jul 28, 1999",Italy,MILAN,0.85,Centre-Forward,0.9,33,5,2,2207,0,0,1.9,/frank-tsadjout/profil/spieler/392545,"Sep 16, 2020","Jun 30, 2023"
3,Alessandro Plizzari,22,"Mar 12, 2000",Italy,MILAN,0.2,Goalkeeper,0.6,3,0,0,270,3,1,1.87,/alessandro-plizzari/profil/spieler/357991,"Sep 1, 2016","Jun 30, 2025"
4,Gabriele Capanni,21,"Dec 2, 2000 ",Italy,MILAN,out,Left Winger,0.1,1,0,0,9,0,0,1.76,/gabriele-capanni/profil/spieler/421446,"Jun 30, 2021","Jun 30, 2024"
5,Franck Kessié,25,"Dec 19, 1996",Cote d'Ivoire,MILAN,out,Central Midfield,35.0,39,7,1,2900,0,0,1.83,/franck-kessie/profil/spieler/294808,"Jul 1, 2019","Jun 30, 2026"
6,Samu Castillejo,27,"Jan 18, 1995",Spain,MILAN,out,Right Winger,8.0,5,0,2,122,0,0,1.82,/samu-castillejo/profil/spieler/195171,"Aug 17, 2018","Jun 30, 2025"
7,Alessio Romagnoli,27,"Jan 12, 1995",Italy,MILAN,out,Centre-Back,18.0,26,1,1,1914,0,0,1.85,/alessio-romagnoli/profil/spieler/197747,"Aug 11, 2015","Jun 30, 2027"
8,Leroy Abanda,22,"Jun 7, 2000 ",France,MILAN,out,Left-Back,0.4,20,0,1,1503,0,0,1.8,/leroy-abanda/profil/spieler/418652,"Aug 4, 2020","Jun 30, 2023"
9,Sabino Signorile,20,"Feb 23, 2002",Italy,MILAN,out,Right Winger,0.075,19,2,0,550,0,0,1.78,/sabino-signorile/profil/spieler/566963,"Jun 30, 2022","Jun 30, 2023"
10,Marco Frigerio,21,"Jul 16, 2001",Italy,MILAN,out,Central Midfield,0.175,34,0,2,2439,0,0,1.85,/marco-frigerio/profil/spieler/492627,"Jun 30, 2022","Jun 30, 2023"
11,Gabriele Bellodi,21,"Sep 2, 2000 ",Italy,MILAN,out,Centre-Back,0.15,0,0,0,0,0,0,1.87,/gabriele-bellodi/profil/spieler/406912,"Aug 31, 2020","Jun 30, 2023"
12,Antonio Mionic,21,"May 31, 2001",Croatia,MILAN,out,Central Midfield,0.025,23,0,0,530,0,0,1.75,/antonio-mionic/profil/spieler/562259,"Jun 30, 2022","Jun 30, 2024"
13,Riccardo Tonin,21,"Jan 30, 2001",Italy,MILAN,out,Centre-Forward,0.1,24,1,1,829,0,0,1.8,/riccardo-tonin/profil/spieler/421773,"Jun 30, 2022","Jun 30, 2023"
14,Luan Capanni,22,"May 29, 2000",Brazil,MILAN,out,Attacking Midfield,0.075,34,4,2,2004,0,0,1.9,/luan-capanni/profil/spieler/601877,"Jul 1, 2020","Jun 30, 2023"
15,Mattia Caldara,28,"May 5, 1994 ",Italy,MILAN,out,Centre-Back,2.5,33,1,1,2913,0,0,1.87,/mattia-caldara/profil/spieler/197470,"Aug 2, 2018","Jun 30, 2024"
16,Marco Nasti,18,"Sep 17, 2003",Italy,MILAN,out,Centre-Forward,0.8,29,18,8,1956,0,0,1.79,/marco-nasti/profil/spieler/629016,"Jul 1, 2022","Jun 30, 2026"
17,Daniel Maldini,20,"Oct 11, 2001",Italy,MILAN,out,Attacking Midfield,2.0,13,1,0,239,0,0,1.88,/daniel-maldini/profil/spieler/539134,"Sep 1, 2020","Jun 30, 2023"
18,Lorenzo Colombo,20,"Mar 8, 2002 ",Italy,MILAN,out,Centre-Forward,3.5,35,6,1,2160,0,0,1.83,/lorenzo-colombo/profil/spieler/487843,"Sep 1, 2020","Jun 30, 2024"
19,Marco Brescianini,22,"Jan 20, 2000",Italy,MILAN,out,Central Midfield,0.65,6,0,0,342,0,0,1.88,/marco-brescianini/profil/spieler/459128,"Jun 30, 2021","Jun 30, 2024"
20,Emil Roback,19,"May 3, 2003 ",Sweden,MILAN,out,Centre-Forward,0.15,27,7,1,1184,0,0,1.88,/emil-roback/profil/spieler/673495,"Jul 1, 2022","Jun 30, 2025"
21,Emir Murati,22,"Mar 7, 2000 ",Italy,MILAN,out,Central Midfield,,0,0,0,0,0,0,1.81,/emir-murati/profil/spieler/395195,"Jan 29, 2021","Jun 30, 2023"
24,Michele Di Gregorio,24,"Jul 27, 1997",Italy,INTER,4.0,Goalkeeper,4.5,42,0,0,3810,45,15,1.87,/michele-di-gregorio/profil/spieler/301238,"Jun 30, 2018","Jun 30, 2024"
25,Andreaw Gravillon,24,"Feb 8, 1998 ",Guadeloupe,INTER,3.0,Centre-Back,7.0,27,0,0,2230,0,0,1.88,/andreaw-gravillon/profil/spieler/395083,"Jan 29, 2019","Jun 30, 2023"
26,Lorenzo Pirola,20,"Feb 20, 2002",Italy,INTER,0.9,Centre-Back,2.5,14,0,0,782,0,0,1.88,/lorenzo-pirola/profil/spieler/487834,"Jan 1, 2020","Jun 30, 2027"
27,Ivan Perisic,33,"Feb 2, 1989 ",Croatia,INTER,out,Left Midfield,10.0,49,10,9,3897,0,0,1.86,/ivan-perisic/profil/spieler/42460,"Aug 30, 2015","Jun 30, 2024"
29,Alexis Sánchez,33,"Dec 19, 1988",Chile,INTER,out,Centre-Forward,4.5,39,9,5,1346,0,0,1.69,/alexis-sanchez/profil/spieler/40433,"Sep 1, 2020","Jun 30, 2023"
30,Christopher Attys,21,"Mar 13, 2001",Haiti,INTER,out,Central Midfield,0.1,22,1,0,672,0,0,1.86,/christopher-attys/profil/spieler/624869,"Jun 30, 2022","Jun 30, 2023"
31,Matías Vecino,30,"Aug 24, 1991",Uruguay,INTER,out,Central Midfield,4.5,23,1,0,557,0,0,1.87,/matias-vecino/profil/spieler/143812,"Aug 2, 2017","Jun 30, 2025"
32,Arturo Vidal,35,"May 22, 1987",Chile,INTER,out,Central Midfield,1.7,67,4,5,2601,0,0,1.8,/arturo-vidal/profil/spieler/37666,"Sep 22, 2020","Dec 31, 2023"
33,Matias Fonseca,21,"Mar 12, 2001",Italy,INTER,out,Centre-Forward,0.125,20,1,0,398,0,0,1.81,/matias-fonseca/profil/spieler/538919,"Jun 30, 2022","Jun 30, 2023"
34,Edoardo Sottini,19,"Aug 18, 2002",Italy,INTER,out,Centre-Back,0.25,33,4,0,2856,0,0,1.91,/edoardo-sottini/profil/spieler/579299,"Jun 30, 2022","Jun 30, 2023"
35,Fabrizio Bagheria,21,"Apr 5, 2001 ",Italy,INTER,out,Goalkeeper,0.05,2,0,0,180,2,1,1.85,/fabrizio-bagheria/profil/spieler/537548,"Jun 30, 2022","Jun 30, 2023"
36,Lorenzo Moretti,20,"Feb 26, 2002",Italy,INTER,out,Centre-Back,0.2,34,1,3,2680,0,0,1.87,/lorenzo-moretti/profil/spieler/539632,"Jun 30, 2022","Jun 30, 2023"
37,Christian Dimarco,19,"Jul 23, 2002",Italy,INTER,out,Left-Back,0.175,25,0,1,1808,0,0,1.79,/christian-dimarco/profil/spieler/487830,"Jun 30, 2022","Jun 30, 2023"
38,Lorenzo Gavioli,22,"Jan 7, 2000 ",Italy,INTER,out,Central Midfield,0.2,13,1,1,486,0,0,1.82,/lorenzo-gavioli/profil/spieler/364136,"Jan 14, 2020","Jun 30, 2023"
39,Niccolò Corrado,22,"Mar 19, 2000",Italy,INTER,out,Left-Back,0.75,43,1,6,3453,0,0,1.79,/niccolo-corrado/profil/spieler/444662,"Jun 30, 2021","Jun 30, 2023"
40,Franco Carboni,19,"Apr 4, 2003 ",Argentina,INTER,out,Left-Back,1.0,36,2,10,2918,0,0,1.9,/franco-carboni/profil/spieler/731491,"Jul 1, 2022","Jun 30, 2024"
41,Lucien Agoumé,20,"Feb 9, 2002 ",France,INTER,out,Defensive Midfield,7.0,30,0,0,2028,0,0,1.85,/lucien-agoume/profil/spieler/569384,"Jul 5, 2019","Jun 30, 2023"
42,Eddie Salcedo,20,"Oct 1, 2001 ",Italy,INTER,out,Centre-Forward,2.7,13,2,0,516,0,0,1.78,/eddie-salcedo/profil/spieler/459661,"Jul 1, 2019","Jun 30, 2024"
43,Andrea Pinamonti,23,"May 19, 1999",Italy,INTER,out,Centre-Forward,20.0,37,13,2,2918,0,0,1.85,/andrea-pinamonti/profil/spieler/315865,"Sep 18, 2020","Jun 30, 2023"
44,Stefano Sensi,26,"Aug 5, 1995 ",Italy,INTER,out,Central Midfield,8.0,23,2,0,952,0,0,1.68,/stefano-sensi/profil/spieler/216179,"Sep 1, 2020","Jun 30, 2023"
45,Valentino Lazaro,26,"Mar 24, 1996",Austria,INTER,out,Right-Back,6.5,29,0,2,1393,0,0,1.8,/valentino-lazaro/profil/spieler/186368,"Jul 1, 2019","Jun 30, 2024"
46,Sebastiano Esposito,20,"Jul 2, 2002 ",Italy,INTER,out,Centre-Forward,3.5,34,7,9,1964,0,0,1.83,/sebastiano-esposito/profil/spieler/538918,"Jul 1, 2019","Jun 30, 2025"
47,Martín Satriano,21,"Feb 20, 2001",Uruguay,INTER,out,Centre-Forward,8.0,23,5,1,1289,0,0,1.87,/martin-satriano/profil/spieler/640109,"Jul 1, 2021","Jun 30, 2023"
48,Giovanni Fabbian,19,"Jan 14, 2003",Italy,INTER,out,Central Midfield,3.0,39,9,5,2714,0,0,1.86,/giovanni-fabbian/profil/spieler/633668,"Jul 1, 2022","Jun 30, 2026"
49,Zinho Vanheusden,22,"Jul 29, 1999",Belgium,INTER,out,Centre-Back,6.0,16,0,0,1197,0,0,1.87,/zinho-vanheusden/profil/spieler/338672,"Jul 1, 2017","Jun 30, 2026"
50,Samuele Mulattieri,21,"Oct 7, 2000 ",Italy,INTER,out,Centre-Forward,2.2,29,7,0,2004,0,0,1.83,/samuele-mulattieri/profil/spieler/457422,"Jun 30, 2021","Jun 30, 2023"
51,Davide Zugaro De Matteis,22,"Apr 16, 2000",Italy,INTER,out,Left-Back,0.175,30,1,0,1867,0,0,1.74,/davide-zugaro-de-matteis/profil/spieler/416371,"Jul 1, 2020","Jun 30, 2023"
52,Tibo Persyn,20,"Mar 13, 2002",Belgium,INTER,out,Right Midfield,0.7,6,2,0,175,0,0,1.79,/tibo-persyn/profil/spieler/486347,"Jun 30, 2022","Jun 30, 2024"
53,Ionut Radu,25,"May 28, 1997",Romania,INTER,out,Goalkeeper,3.5,2,0,0,210,4,0,1.88,/ionut-radu/profil/spieler/303657,"Jul 12, 2019","Jun 30, 2023"
54,Niccolò Squizzato,20,"Jan 7, 2002 ",Italy,INTER,out,Central Midfield,0.15,12,0,0,272,0,0,1.86,/niccolo-squizzato/profil/spieler/487838,"Jun 30, 2022","Jun 30, 2024"
55,Marco Pompetti,22,"May 22, 2000",Italy,INTER,out,Defensive Midfield,0.5,36,5,11,3137,0,0,1.82,/marco-pompetti/profil/spieler/459991,"Jan 30, 2020","Jun 30, 2023"
56,Aleksandar Kolarov,36,"Nov 10, 1985",Serbia,INTER,out,Left-Back,,4,0,0,44,0,0,1.87,/aleksandar-kolarov/profil/spieler/46156,"Sep 8, 2020",-
59,Kalidou Koulibaly,31,"Jun 20, 1991",Senegal,NAPOLI,38.0,Centre-Back,35.0,34,3,3,3037,0,0,1.86,/kalidou-koulibaly/profil/spieler/93128,"Jul 1, 2014","Jun 30, 2026"
60,Fabián Ruiz,26,"Apr 3, 1996 ",Spain,NAPOLI,23.0,Central Midfield,45.0,38,7,5,2800,0,0,1.89,/fabian-ruiz/profil/spieler/350219,"Jul 5, 2018","Jun 30, 2027"
61,Arkadiusz Milik,28,"Feb 28, 1994",Poland,NAPOLI,8.0,Centre-Forward,10.0,37,20,2,2321,0,0,1.86,/arkadiusz-milik/profil/spieler/191891,"Aug 1, 2016","Jun 30, 2023"
62,Gennaro Tutino,25,"Aug 20, 1996",Italy,NAPOLI,5.5,Centre-Forward,3.0,28,5,1,1464,0,0,1.77,/gennaro-tutino/profil/spieler/202979,"Jan 25, 2015","Jun 30, 2024"
63,Adam Ounas,25,"Nov 11, 1996",Algeria,NAPOLI,3.0,Right Winger,8.0,21,2,0,439,0,0,1.72,/adam-ounas/profil/spieler/400485,"Jul 4, 2017","Jun 30, 2024"
64,Andrea Petagna,27,"Jun 30, 1995",Italy,NAPOLI,2.5,Centre-Forward,10.0,32,4,5,1003,0,0,1.9,/andrea-petagna/profil/spieler/199258,"Jan 30, 2020","Jun 30, 2023"
65,Sebastiano Luperto,25,"Sep 6, 1996 ",Italy,NAPOLI,0.5,Centre-Back,3.0,25,0,2,2002,0,0,1.91,/sebastiano-luperto/profil/spieler/278531,"Jul 1, 2015","Jun 30, 2024"
66,Franco Ferrari,26,"Aug 10, 1995",Italy,NAPOLI,0.45,Centre-Forward,0.6,41,17,6,2306,0,0,1.93,/franco-ferrari/profil/spieler/409553,"Aug 2, 2019","Jun 30, 2023"
67,Lorenzo Insigne,31,"Jun 4, 1991 ",Italy,NAPOLI,out,Left Winger,15.0,49,19,12,3673,0,0,1.63,/lorenzo-insigne/profil/spieler/133964,"Jan 23, 2010","Jun 30, 2026"
68,Dries Mertens,35,"May 6, 1987 ",Belgium,NAPOLI,out,Second Striker,3.4,37,13,2,1736,0,0,1.69,/dries-mertens/profil/spieler/56416,"Jul 1, 2013","Jun 30, 2023"
69,Kévin Malcuit,31,"Jul 31, 1991",France,NAPOLI,out,Right-Back,0.6,13,0,2,503,0,0,1.78,/kevin-malcuit/profil/spieler/126711,"Aug 8, 2018","Jun 30, 2023"
70,David Ospina,33,"Aug 31, 1988",Colombia,NAPOLI,out,Goalkeeper,4.5,33,0,0,2925,28,13,1.83,/david-ospina/profil/spieler/73396,"Jul 4, 2019","Jun 30, 2024"
71,Zinédine Machach,26,"Jan 5, 1996 ",France,NAPOLI,out,Central Midfield,0.3,24,3,0,1000,0,0,-,/zinedine-machach/profil/spieler/146143,"Jan 11, 2018","Jun 30, 2023"
72,Francesco Mezzoni,22,"May 27, 2000",Italy,NAPOLI,out,Right-Back,0.2,27,1,1,2008,0,0,1.81,/francesco-mezzoni/profil/spieler/395190,"Jan 7, 2021","Jun 30, 2024"
73,Luca Palmiero,26,"May 1, 1996 ",Italy,NAPOLI,out,Defensive Midfield,0.8,30,0,1,1989,0,0,1.77,/luca-palmiero/profil/spieler/240357,-,"Jun 30, 2024"
74,Michael Folorunsho,24,"Feb 7, 1998 ",Italy,NAPOLI,out,Central Midfield,2.5,32,5,2,2599,0,0,1.85,/michael-folorunsho/profil/spieler/377042,"Jul 13, 2019","Jun 30, 2024"
75,Eugenio D'Ursi,27,"May 7, 1995 ",Italy,NAPOLI,out,Left Winger,0.275,40,6,6,2594,0,0,1.75,/eugenio-dursi/profil/spieler/341498,"Jul 29, 2019","Jun 30, 2023"
76,Giuseppe Ambrosino,18,"Sep 10, 2003",Italy,NAPOLI,out,Centre-Forward,0.7,32,20,5,2162,0,0,1.87,/giuseppe-ambrosino/profil/spieler/707295,"Jul 1, 2022","Jun 30, 2023"
77,Nikita Contini,26,"May 21, 1996",Italy,NAPOLI,out,Goalkeeper,0.7,21,0,0,1727,22,8,1.9,/nikita-contini/profil/spieler/250683,"Jul 1, 2015","Jun 30, 2025"
78,Filippo Costa,27,"May 21, 1995",Italy,NAPOLI,out,Left-Back,0.3,3,0,0,200,0,0,1.75,/filippo-costa/profil/spieler/197743,"Jul 13, 2019","Jun 30, 2024"
79,Lorenzo Sgarbi,21,"Mar 24, 2001",Italy,NAPOLI,out,Centre-Forward,0.125,35,3,2,1912,0,0,1.89,/lorenzo-sgarbi/profil/spieler/535797,"Jun 30, 2022","Jun 30, 2024"
80,Faouzi Ghoulam,31,"Feb 1, 1991 ",Algeria,NAPOLI,out,Left-Back,1.0,16,0,0,423,0,0,1.84,/faouzi-ghoulam/profil/spieler/126656,"Jan 31, 2014","Jun 30, 2023"
83,Matthijs de Ligt,22,"Aug 12, 1999",Netherlands,JUVENTUS,67.0,Centre-Back,70.0,42,3,1,3691,0,0,1.89,/matthijs-de-ligt/profil/spieler/326031,"Jul 18, 2019","Jun 30, 2027"
84,Merih Demiral,24,"Mar 5, 1998 ",Turkey,JUVENTUS,21.0,Centre-Back,25.0,42,2,3,2984,0,0,1.9,/merih-demiral/profil/spieler/340879,"Jul 5, 2019","Jun 30, 2024"
85,Rolando Mandragora,25,"Jun 29, 1997",Italy,JUVENTUS,8.2,Defensive Midfield,9.0,23,1,2,1520,0,0,1.83,/rolando-mandragora/profil/spieler/308279,"Jan 19, 2016","Jun 30, 2025"
86,Arthur Melo,26,"Aug 12, 1996",Brazil,JUVENTUS,4.5,Central Midfield,18.0,31,0,1,1533,0,0,1.72,/arthur-melo/profil/spieler/362842,"Sep 1, 2020","Jun 30, 2023"
87,Giacomo Vrioni,23,"Oct 15, 1998",Albania,JUVENTUS,3.66,Centre-Forward,2.5,37,22,5,2569,0,0,1.88,/giacomo-vrioni/profil/spieler/363178,"Jun 30, 2022","Jun 30, 2024"
88,Denis Zakaria,25,"Nov 20, 1996",Switzerland,JUVENTUS,3.0,Defensive Midfield,20.0,31,3,2,2351,0,0,1.9,/denis-zakaria/profil/spieler/334526,"Jan 31, 2022","Jun 30, 2023"
89,Andrea Cambiaso,22,"Feb 20, 2000",Italy,JUVENTUS,1.97,Left-Back,6.5,28,1,4,1926,0,0,1.83,/andrea-cambiaso/profil/spieler/459658,"Jul 14, 2022","Jun 30, 2027"
90,Douglas Costa,31,"Sep 14, 1990",Brazil,JUVENTUS,out,Right Winger,2.0,29,4,1,1542,0,0,1.72,/douglas-costa/profil/spieler/75615,"Jul 12, 2017","Jun 30, 2023"
91,Federico Bernardeschi,28,"Feb 16, 1994",Italy,JUVENTUS,out,Right Winger,8.0,50,10,9,3186,0,0,1.83,/federico-bernardeschi/profil/spieler/197300,"Jul 24, 2017","Dec 31, 2026"
92,Paulo Dybala,28,"Nov 15, 1993",Argentina,JUVENTUS,out,Second Striker,30.0,39,15,6,2615,0,0,1.77,/paulo-dybala/profil/spieler/206050,"Jul 1, 2015","Jun 30, 2025"
93,Aaron Ramsey,31,"Dec 26, 1990",Wales,JUVENTUS,out,Central Midfield,3.0,18,2,2,745,0,0,1.78,/aaron-ramsey/profil/spieler/50057,"Jul 1, 2019","Jun 30, 2023"
94,Giorgio Chiellini,37,"Aug 14, 1984",Italy,JUVENTUS,out,Centre-Back,1.0,39,0,1,2360,0,0,1.87,/giorgio-chiellini/profil/spieler/29260,"Jul 1, 2005","Dec 31, 2023"
95,Luca Pellegrini,23,"Mar 7, 1999 ",Italy,JUVENTUS,out,Left-Back,9.0,21,0,1,1236,0,0,1.78,/luca-pellegrini/profil/spieler/346567,"Jul 1, 2019","Jun 30, 2023"
96,Stefano Gori,26,"Mar 9, 1996 ",Italy,JUVENTUS,out,Goalkeeper,1.5,20,0,0,1785,32,2,1.85,/stefano-gori/profil/spieler/244491,"Sep 1, 2020","Jun 30, 2024"
97,Marko Pjaca,27,"May 6, 1995 ",Croatia,JUVENTUS,out,Left Winger,3.0,26,3,0,1242,0,0,1.86,/marko-pjaca/profil/spieler/205940,"Jun 30, 2018","Jun 30, 2024"
98,Nicolò Rovella,20,"Dec 4, 2001 ",Italy,JUVENTUS,out,Defensive Midfield,12.0,22,0,4,1501,0,0,1.79,/nicolo-rovella/profil/spieler/525704,"Jan 28, 2021","Jun 30, 2026"
99,Filippo Ranocchia,21,"May 14, 2001",Italy,JUVENTUS,out,Central Midfield,1.8,32,1,3,2436,0,0,1.86,/filippo-ranocchia/profil/spieler/489611,-,"Jun 30, 2023"
100,Gianluca Frabotta,23,"Jun 24, 1999",Italy,JUVENTUS,out,Left-Back,1.6,2,0,0,18,0,0,1.87,/gianluca-frabotta/profil/spieler/386755,"Sep 1, 2020","Jun 30, 2023"
101,Radu Dragusin,20,"Feb 3, 2002 ",Romania,JUVENTUS,out,Centre-Back,3.5,22,0,0,1197,0,0,1.91,/radu-dragusin/profil/spieler/568559,"Jan 1, 2021","Jun 30, 2025"
104,Joaquín Correa,27,"Aug 13, 1994",Argentina,LAZIO,23.6,Second Striker,20.0,36,6,2,1317,0,0,1.88,/joaquin-correa/profil/spieler/227081,"Aug 1, 2018","Jun 30, 2024"
105,Vedat Muriqi,28,"Apr 24, 1994",Kosovo,LAZIO,7.7,Centre-Forward,10.0,32,5,4,1913,0,0,1.94,/vedat-muriqi/profil/spieler/256267,"Sep 15, 2020","Jun 30, 2027"
106,Denis Vavro,26,"Apr 10, 1996",Slovakia,LAZIO,4.5,Centre-Back,3.0,18,1,1,1447,0,0,1.89,/denis-vavro/profil/spieler/239962,"Jul 4, 2019","Jun 30, 2026"
107,Raúl Moro,19,"Dec 5, 2002 ",Spain,LAZIO,0.33,Left Winger,2.5,20,1,1,536,0,0,1.69,/raul-moro/profil/spieler/624942,"Jul 1, 2021","Jun 30, 2023"
108,Pepe Reina,39,"Aug 31, 1982",Spain,LAZIO,out,Goalkeeper,0.7,17,0,0,1560,33,3,1.88,/pepe-reina/profil/spieler/7825,"Sep 1, 2020","Jun 30, 2023"
109,Marco Alia,22,"Apr 26, 2000",Albania,LAZIO,out,Goalkeeper,0.175,27,0,0,2374,24,9,1.86,/marco-alia/profil/spieler/391931,"Sep 1, 2020","Jun 30, 2023"
110,Patryk Dziczek,24,"Mar 25, 1998",Poland,LAZIO,out,Defensive Midfield,0.5,0,0,0,0,0,0,1.82,/patryk-dziczek/profil/spieler/289165,"Aug 22, 2019","Jun 30, 2025"
111,Thomas Strakosha,27,"Mar 19, 1995",Albania,LAZIO,out,Goalkeeper,5.0,31,0,0,2790,36,11,1.93,/thomas-strakosha/profil/spieler/222209,"Jan 31, 2013","Jun 30, 2026"
112,Angelo Ndrecka,20,"Sep 24, 2001",Albania,LAZIO,out,Left-Back,0.175,14,0,1,702,0,0,1.72,/angelo-ndrecka/profil/spieler/539220,"Jun 30, 2022","Jun 30, 2023"
113,Luiz Felipe,25,"Mar 22, 1997",Italy,LAZIO,out,Centre-Back,15.0,40,0,1,3333,0,0,1.87,/luiz-felipe/profil/spieler/457931,"Aug 30, 2016","Jun 30, 2027"
114,Biagio Morrone,22,"Mar 4, 2000 ",Italy,LAZIO,out,Defensive Midfield,0.1,28,0,1,946,0,0,1.76,/biagio-morrone/profil/spieler/400577,"Jan 30, 2020","Jun 30, 2023"
115,Lucas Leiva,35,"Jan 9, 1987 ",Brazil,LAZIO,out,Defensive Midfield,0.8,62,3,1,3168,0,0,1.79,/lucas-leiva/profil/spieler/41414,"Jul 18, 2017","Dec 31, 2023"
116,Bobby Adekanye,23,"Feb 14, 1999",Netherlands,LAZIO,out,Right Winger,0.6,4,0,0,71,0,0,1.75,/bobby-adekanye/profil/spieler/331514,"Jul 1, 2019","Jun 30, 2023"
117,Jordan Lukaku,28,"Jul 25, 1994",Belgium,LAZIO,out,Left-Back,0.5,9,0,0,586,0,0,1.8,/jordan-lukaku/profil/spieler/140804,"Jul 22, 2016","Jun 30, 2023"
118,Djavan Anderson,27,"Apr 21, 1995",Suriname,LAZIO,out,Right-Back,0.4,22,0,2,1423,0,0,1.78,/djavan-anderson/profil/spieler/215089,"Aug 3, 2018","Jun 30, 2023"
119,Riza Durmisi,28,"Jan 8, 1994 ",Denmark,LAZIO,out,Left-Back,0.5,9,0,0,611,0,0,1.73,/riza-durmisi/profil/spieler/135208,"Jul 1, 2018","Jun 30, 2023"
120,Francesco Acerbi,34,"Feb 10, 1988",Italy,LAZIO,out,Centre-Back,4.0,36,4,2,3077,0,0,1.92,/francesco-acerbi/profil/spieler/131075,"Jul 11, 2018","Jun 30, 2023"
121,Fabio Maistro,24,"Apr 5, 1998 ",Italy,LAZIO,out,Central Midfield,1.4,32,3,6,1674,0,0,1.8,/fabio-maistro/profil/spieler/398031,"Aug 2, 2019","Jun 30, 2024"
122,Sofian Kiyine,24,"Oct 2, 1997 ",Morocco,LAZIO,out,Left Midfield,2.0,28,1,0,1328,0,0,1.82,/sofian-kiyine/profil/spieler/393804,"Jul 16, 2019","Jun 30, 2024"
123,Luca Falbo,22,"Feb 21, 2000",Italy,LAZIO,out,Left-Back,0.15,0,0,0,0,0,0,-,/luca-falbo/profil/spieler/457236,"Jun 1, 2020","Jun 30, 2023"
124,Tiago Casasola,26,"Aug 11, 1995",Argentina,LAZIO,out,Right-Back,1.0,20,1,1,1172,0,0,1.89,/tiago-casasola/profil/spieler/224044,"Jan 30, 2019","Jun 30, 2023"
125,Jony,31,"Jul 9, 1991 ",Spain,LAZIO,out,Left Winger,0.6,6,0,0,216,0,0,1.79,/jony/profil/spieler/228761,"Jul 22, 2019","Jun 30, 2023"
126,Emanuele Cicerelli,27,"Aug 12, 1994",Italy,LAZIO,out,Left Winger,0.4,31,3,0,960,0,0,1.77,/emanuele-cicerelli/profil/spieler/265320,"Jan 30, 2020","Jun 30, 2023"
127,Mattia Novella,21,"Jan 25, 2001",Italy,LAZIO,out,Right-Back,0.125,31,0,0,1034,0,0,1.77,/mattia-novella/profil/spieler/500419,"Jun 30, 2022","Jun 30, 2023"
128,Nicolò Armini,21,"Mar 7, 2001 ",Italy,LAZIO,out,Centre-Back,0.25,20,0,0,1388,0,0,1.85,/nicolo-armini/profil/spieler/421775,"Jul 1, 2019","Jun 30, 2023"
129,Gonzalo Escalante,29,"Mar 27, 1993",Argentina,LAZIO,out,Central Midfield,2.0,18,5,1,1314,0,0,1.82,/gonzalo-escalante/profil/spieler/266795,"Sep 1, 2020","Jun 30, 2023"
130,Alessandro Rossi,25,"Jan 3, 1997 ",Italy,LAZIO,out,Centre-Forward,0.1,16,0,0,170,0,0,1.84,/alessandro-rossi/profil/spieler/339782,"Jul 1, 2016","Jun 30, 2024"
131,Jean-Daniel Akpa Akpro,29,"Oct 11, 1992",Cote d'Ivoire,LAZIO,out,Central Midfield,1.4,13,0,0,416,0,0,1.8,/jean-daniel-akpa-akpro/profil/spieler/170481,"Sep 18, 2020","Jun 30, 2023"
132,Cristiano Lombardi,26,"Aug 19, 1995",Italy,LAZIO,out,Right Winger,0.2,8,1,0,320,0,0,1.8,/cristiano-lombardi/profil/spieler/240349,"Jul 1, 2014","Jun 30, 2023"
133,Jorge Silva,23,"Feb 4, 1999 ",Portugal,LAZIO,out,Centre-Back,0.05,1,0,0,90,0,0,1.84,/jorge-silva/profil/spieler/462251,"Jul 1, 2019","Jun 30, 2023"
136,Pau López,27,"Dec 13, 1994",Spain,ROMA,12.0,Goalkeeper,12.0,36,0,0,3240,43,12,1.89,/pau-lopez/profil/spieler/286415,"Jul 10, 2019","Jun 30, 2024"
137,Jordan Veretout,29,"Mar 1, 1993 ",France,ROMA,11.0,Defensive Midfield,14.0,50,4,10,3097,0,0,1.77,/jordan-veretout/profil/spieler/164771,"Sep 1, 2020","Jun 30, 2025"
138,Cengiz Ünder,24,"Jul 14, 1997",Turkey,ROMA,8.4,Right Winger,17.0,47,13,6,3321,0,0,1.73,/cengiz-under/profil/spieler/341647,"Jun 30, 2021","Jun 30, 2023"
139,Felix Afena-Gyan,19,"Jan 19, 2003",Ghana,ROMA,6.0,Centre-Forward,5.5,27,8,0,1182,0,0,1.75,/felix-afena-gyan/profil/spieler/872380,"Oct 23, 2021",-
140,Robin Olsen,32,"Jan 8, 1990 ",Sweden,ROMA,3.5,Goalkeeper,2.0,12,0,0,1080,20,1,1.96,/robin-olsen/profil/spieler/75458,"Jul 24, 2018","Jun 30, 2023"
141,Alessandro Florenzi,31,"Mar 11, 1991",Italy,ROMA,2.7,Right-Back,2.5,30,2,0,1418,0,0,1.73,/alessandro-florenzi/profil/spieler/130365,"Jul 2, 2012","Jun 30, 2023"
142,Riccardo Ciervo,20,"Apr 1, 2002 ",Italy,ROMA,2.0,Left Winger,1.5,12,0,2,294,0,0,1.9,/riccardo-ciervo/profil/spieler/628558,"Jul 1, 2021","Jun 30, 2024"
143,Amadou Diawara,25,"Jul 17, 1997",Guinea,ROMA,1.5,Defensive Midfield,4.0,8,0,1,306,0,0,1.83,/amadou-diawara/profil/spieler/355501,"Jul 1, 2019","Jun 30, 2025"
144,Riccardo Calafiori,20,"May 19, 2002",Italy,ROMA,1.0,Left-Back,3.5,12,0,2,509,0,0,1.88,/riccardo-calafiori/profil/spieler/502821,"Sep 1, 2020","Jun 30, 2025"
145,Carles Pérez,24,"Feb 16, 1998",Spain,ROMA,1.0,Right Winger,4.0,28,3,1,993,0,0,1.73,/carles-perez/profil/spieler/282810,"Sep 1, 2020","Jun 30, 2023"
146,Tommaso Milanese,19,"Jul 31, 2002",Italy,ROMA,0.75,Central Midfield,1.5,35,1,1,2286,0,0,1.73,/tommaso-milanese/profil/spieler/538569,"Jun 30, 2022","Jun 30, 2024"
147,Daniel Fuzato,24,"Jul 4, 1997 ",Brazil,ROMA,out,Goalkeeper,1.0,1,0,0,90,2,0,1.9,/daniel-fuzato/profil/spieler/438682,"Jul 9, 2018","Jun 30, 2025"
148,Stefano Greco,23,"Feb 21, 1999",Italy,ROMA,out,Goalkeeper,0.2,11,0,0,990,0,0,-,/stefano-greco/profil/spieler/319177,"Jun 30, 2020","Jun 30, 2023"
149,Henrikh Mkhitaryan,33,"Jan 21, 1989",Armenia,ROMA,out,Attacking Midfield,6.0,44,5,9,3360,0,0,1.77,/henrikh-mkhitaryan/profil/spieler/55735,"Sep 1, 2020","Jun 30, 2024"
150,Alessio Riccardi,21,"Apr 3, 2001 ",Italy,ROMA,out,Attacking Midfield,0.35,3,2,1,216,0,0,1.78,/alessio-riccardi/profil/spieler/421765,"Jul 1, 2020","Jun 30, 2023"
151,Salvatore Pezzella,22,"Mar 11, 2000",Italy,ROMA,out,Defensive Midfield,0.175,29,1,2,1862,0,0,1.78,/salvatore-pezzella/profil/spieler/421871,"Jun 30, 2020","Jun 30, 2023"
152,Justin Kluivert,23,"May 5, 1999 ",Netherlands,ROMA,out,Left Winger,14.0,31,6,6,2129,0,0,1.72,/justin-kluivert/profil/spieler/330659,"Jul 1, 2018","Jun 30, 2024"
153,Devid Eugene Bouah,21,"Aug 13, 2001",Italy,ROMA,out,Right-Back,0.2,21,0,1,1188,0,0,1.83,/devid-eugene-bouah/profil/spieler/457235,"Jun 30, 2021","Jun 30, 2024"
154,Bryan Reynolds,21,"Jun 28, 2001",United States,ROMA,out,Right-Back,2.5,12,1,0,768,0,0,1.85,/bryan-reynolds/profil/spieler/475208,"Jul 1, 2021","Jun 30, 2023"
155,Ruben Providence,21,"Jul 7, 2001 ",France,ROMA,out,Left Winger,0.3,5,0,0,100,0,0,1.78,/ruben-providence/profil/spieler/536520,"Jul 1, 2021","Jun 30, 2024"
156,Gonzalo Villar,24,"Mar 23, 1998",Spain,ROMA,out,Central Midfield,4.5,16,0,1,496,0,0,1.81,/gonzalo-villar/profil/spieler/398163,"Jan 30, 2020","Jun 30, 2023"
157,Davide Santon,31,"Jan 2, 1991 ",Italy,ROMA,out,Left-Back,,0,0,0,0,0,0,1.87,/davide-santon/profil/spieler/84344,"Jul 1, 2018",-
161,Federico Chiesa,24,"Oct 25, 1997",Italy,FIORENTINA,42.5,Left Winger,60.0,18,4,4,1204,0,0,1.75,/federico-chiesa/profil/spieler/341092,"Jul 1, 2016","Jun 30, 2023"
162,Erick Pulgar,28,"Jan 15, 1994",Chile,FIORENTINA,2.8,Defensive Midfield,6.0,27,0,1,1436,0,0,1.87,/erick-pulgar/profil/spieler/215616,"Aug 9, 2019","Dec 31, 2025"
163,Bartlomiej Dragowski,24,"Aug 19, 1997",Poland,FIORENTINA,1.95,Goalkeeper,4.5,9,0,0,692,11,3,1.91,/bartlomiej-dragowski/profil/spieler/208166,"Jul 4, 2016","Jun 30, 2025"
164,Daniele Ghilardi,19,"Jan 6, 2003 ",Italy,FIORENTINA,0.5,Centre-Back,0.225,23,2,0,1492,0,0,-,/daniele-ghilardi/profil/spieler/701819,"Jun 30, 2022","Jun 30, 2023"
165,Matija Nastasić,29,"Mar 28, 1993",Serbia,FIORENTINA,out,Centre-Back,1.5,6,0,0,306,0,0,1.88,/matija-nastasi%C4%87/profil/spieler/143559,"Aug 21, 2021","Jun 30, 2023"
166,José Callejón,35,"Feb 11, 1987",Spain,FIORENTINA,out,Right Winger,1.2,33,1,3,1455,0,0,1.78,/jose-callejon/profil/spieler/61253,"Oct 5, 2020","Jun 30, 2023"
167,Simone Ghidotti,22,"Mar 19, 2000",Italy,FIORENTINA,out,Goalkeeper,0.4,38,0,0,3420,44,12,1.93,/simone-ghidotti/profil/spieler/357983,"Jul 1, 2018","Jun 30, 2023"
168,Alessandro Lovisa,20,"Aug 22, 2001",Italy,FIORENTINA,out,Central Midfield,0.35,18,1,1,1322,0,0,1.88,/alessandro-lovisa/profil/spieler/565041,"Jun 30, 2021","Jun 30, 2024"
169,Tòfol Montiel,22,"Apr 11, 2000",Spain,FIORENTINA,out,Right Winger,0.15,25,1,1,626,0,0,1.78,/tofol-montiel/profil/spieler/573979,"Jul 1, 2019","Jun 30, 2023"
170,Christian Koffi,21,"Aug 28, 2000",France,FIORENTINA,out,Left Winger,0.15,18,1,0,1112,0,0,1.73,/christian-koffi/profil/spieler/460658,"Jan 31, 2021","Jun 30, 2023"
171,Andrea Poggesi,20,"Apr 11, 2002",Italy,FIORENTINA,out,Right-Back,0.075,36,5,3,2635,0,0,-,/andrea-poggesi/profil/spieler/610392,"Jun 30, 2022","Jun 30, 2023"
172,Federico Brancolini,20,"Jul 14, 2001",Italy,FIORENTINA,out,Goalkeeper,0.2,0,0,0,0,0,0,1.92,/federico-brancolini/profil/spieler/451154,"Jul 1, 2019","Jun 30, 2023"
173,Aleksandr Kokorin,31,"Mar 19, 1991",Russia,FIORENTINA,out,Second Striker,0.8,7,0,0,125,0,0,1.84,/aleksandr-kokorin/profil/spieler/89086,"Jan 27, 2021","Jun 30, 2023"
174,Eduard Dutu,21,"Apr 18, 2001",Romania,FIORENTINA,out,Centre-Back,0.1,26,0,1,1806,0,0,1.89,/eduard-dutu/profil/spieler/459707,"Jun 30, 2022","Jun 30, 2023"
175,Gabriele Ferrarini,22,"Apr 9, 2000 ",Italy,FIORENTINA,out,Right-Back,0.7,32,1,1,1412,0,0,1.8,/gabriele-ferrarini/profil/spieler/392033,"Jun 30, 2020","Jun 30, 2023"
176,Edoardo Pierozzi,20,"Sep 12, 2001",Italy,FIORENTINA,out,Right-Back,0.45,21,1,2,1126,0,0,1.82,/edoardo-pierozzi/profil/spieler/534083,"Jul 18, 2021","Jun 30, 2024"
177,Jacob Rasmussen,25,"May 28, 1997",Denmark,FIORENTINA,out,Centre-Back,3.5,39,1,2,3184,0,0,1.9,/jacob-rasmussen/profil/spieler/283233,"Jan 30, 2019","Jun 30, 2024"
178,Gabriele Gori,23,"Feb 13, 1999",Italy,FIORENTINA,out,Centre-Forward,0.65,18,5,2,1515,0,0,1.87,/gabriele-gori/profil/spieler/315859,"Jul 1, 2018","Jun 30, 2023"
179,Niccolò Pierozzi,20,"Sep 12, 2001",Italy,FIORENTINA,out,Right-Back,1.6,39,8,4,3255,0,0,1.84,/niccolo-pierozzi/profil/spieler/534084,"Jun 30, 2022","Jun 30, 2024"
180,Samuele Spalluto,21,"Feb 15, 2001",Italy,FIORENTINA,out,Centre-Forward,0.3,30,11,1,2043,0,0,1.83,/samuele-spalluto/profil/spieler/499830,"Jun 30, 2022","Jun 30, 2023"
181,Christian Dalle Mura,20,"Feb 2, 2002 ",Italy,FIORENTINA,out,Centre-Back,1.3,17,0,0,1329,0,0,1.85,/christian-dalle-mura/profil/spieler/487829,"Sep 1, 2020","Jun 30, 2023"
182,Antonio Rosati,39,"Jun 26, 1983",Italy,FIORENTINA,out,Goalkeeper,,1,0,0,90,1,0,1.95,/antonio-rosati/profil/spieler/6442,"Feb 1, 2021",-
183,Andrea Milani,20,"Jan 18, 2002",Italy,FIORENTINA,out,Left Winger,0.05,13,0,1,330,0,0,-,/andrea-milani/profil/spieler/610395,"Jan 5, 2022","Jun 30, 2023"
187,Cristian Romero,24,"Apr 27, 1998",Argentina,ATALANTA,50.0,Centre-Back,60.0,30,1,0,2551,0,0,1.85,/cristian-romero/profil/spieler/355915,"Sep 5, 2020","Jun 30, 2026"
188,Remo Freuler,30,"Apr 15, 1992",Switzerland,ATALANTA,9.0,Central Midfield,13.0,43,2,6,3528,0,0,1.8,/remo-freuler/profil/spieler/148252,"Jan 19, 2016","Jun 30, 2025"
189,Andrea Colpani,23,"May 11, 1999",Italy,ATALANTA,9.0,Central Midfield,2.5,37,5,1,1765,0,0,1.84,/andrea-colpani/profil/spieler/392959,"Aug 31, 2020","Jun 30, 2024"
190,Matteo Lovato,22,"Feb 14, 2000",Italy,ATALANTA,7.0,Centre-Back,6.5,23,0,1,1587,0,0,1.88,/matteo-lovato/profil/spieler/459655,"Jul 31, 2021","Jun 30, 2027"
191,Davide Bettella,22,"Apr 7, 2000 ",Italy,ATALANTA,5.0,Centre-Back,1.7,9,0,1,245,0,0,1.85,/davide-bettella/profil/spieler/357995,"Jul 1, 2018","Jun 30, 2023"
192,Bosko Sutalo,22,"Jan 1, 2000 ",Croatia,ATALANTA,4.05,Centre-Back,3.0,25,0,0,995,0,0,1.88,/bosko-sutalo/profil/spieler/431698,"Jan 30, 2020","Jun 30, 2027"
193,Filippo Melegoni,23,"Feb 18, 1999",Italy,ATALANTA,4.0,Central Midfield,1.8,27,1,0,1122,0,0,1.86,/filippo-melegoni/profil/spieler/315862,"Jul 1, 2017","Jun 30, 2023"
194,Arkadiusz Reca,27,"Jun 17, 1995",Poland,ATALANTA,3.9,Left-Back,3.0,26,0,2,1802,0,0,1.87,/arkadiusz-reca/profil/spieler/268178,"Jul 1, 2018","Jun 30, 2023"
195,Matteo Pessina,25,"Apr 21, 1997",Italy,ATALANTA,3.2,Attacking Midfield,14.0,37,2,1,1936,0,0,1.87,/matteo-pessina/profil/spieler/332179,"Jul 7, 2017","Jun 30, 2023"
196,Luca Valzania,26,"Mar 5, 1996 ",Italy,ATALANTA,3.0,Central Midfield,0.9,29,1,2,1694,0,0,1.84,/luca-valzania/profil/spieler/287663,"Jul 1, 2015","Jun 30, 2023"
197,Enrico Del Prato,22,"Nov 10, 1999",Italy,ATALANTA,2.75,Right-Back,2.4,34,1,2,2862,0,0,1.83,/enrico-del-prato/profil/spieler/392956,-,-
198,Rodrigo Guth,21,"Nov 10, 2000",Brazil,ATALANTA,1.1,Centre-Back,2.0,24,1,0,1868,0,0,1.91,/rodrigo-guth/profil/spieler/492313,"Jun 30, 2021","Jun 30, 2025"
199,Aleksey Miranchuk,26,"Oct 17, 1995",Russia,ATALANTA,0.98,Attacking Midfield,10.0,25,2,5,943,0,0,1.82,/aleksey-miranchuk/profil/spieler/255450,"Sep 4, 2020","Jun 30, 2023"
200,Nicolò Cambiaghi,21,"Dec 28, 2000",Italy,ATALANTA,0.5,Left Winger,2.0,37,7,5,2822,0,0,1.73,/nicolo-cambiaghi/profil/spieler/459151,"Jun 30, 2022","Jun 30, 2024"
201,Sam Lammers,25,"Apr 30, 1997",Netherlands,ATALANTA,0.5,Centre-Forward,2.8,24,2,0,830,0,0,1.91,/sam-lammers/profil/spieler/386914,"Sep 22, 2020","Jun 29, 2023"
202,Moustapha Cissé,18,"Sep 14, 2003",Guinea,ATALANTA,0.5,Centre-Forward,1.0,18,15,2,1166,0,0,1.82,/moustapha-cisse/profil/spieler/988862,"Jul 1, 2022","Jun 30, 2023"
203,Pierluigi Gollini,27,"Mar 18, 1995",Italy,ATALANTA,0.49,Goalkeeper,5.0,10,0,0,900,11,2,1.94,/pierluigi-gollini/profil/spieler/244192,"Jan 13, 2017","Jun 30, 2024"
204,Olaf Kobacki,20,"Jul 10, 2001",Poland,ATALANTA,0.18,Attacking Midfield,0.45,28,6,4,2091,0,0,1.78,/olaf-kobacki/profil/spieler/407734,"Jun 30, 2022","Jun 30, 2023"
205,Anton Kresic,26,"Jan 29, 1996",Croatia,ATALANTA,0.15,Centre-Back,0.6,36,4,2,2860,0,0,1.98,/anton-kresic/profil/spieler/226080,"Jun 30, 2017","Jun 30, 2024"
206,Giorgio Cittadini,20,"Apr 18, 2002",Italy,ATALANTA,0.15,Centre-Back,2.0,20,0,2,1342,0,0,1.93,/giorgio-cittadini/profil/spieler/616628,"Jul 1, 2022","Jun 30, 2023"
207,Salvatore Elia,23,"Jun 30, 1999",Italy,ATALANTA,0.15,Right Winger,0.8,30,1,2,1682,0,0,1.83,/salvatore-elia/profil/spieler/392963,"Aug 31, 2020","Jun 30, 2025"
208,Viktor Kovalenko,26,"Feb 14, 1996",Ukraine,ATALANTA,0.095,Attacking Midfield,2.0,27,1,4,1410,0,0,1.82,/viktor-kovalenko/profil/spieler/203842,"Feb 1, 2021","Jun 30, 2025"
209,Ebrima Colley,22,"Feb 1, 2000 ",The Gambia,ATALANTA,0.05,Right Winger,2.8,13,1,1,494,0,0,1.8,/ebrima-colley/profil/spieler/567217,"Feb 1, 2020","Jun 30, 2025"
210,Enrico Zanoni,22,"Aug 23, 1999",Italy,ATALANTA,out,Left-Back,0.05,8,0,0,341,0,0,1.84,/enrico-zanoni/profil/spieler/392958,"Jun 30, 2019","Jun 30, 2023"
211,Edoardo Scanagatta,20,"Apr 6, 2002 ",Italy,ATALANTA,out,Centre-Back,0.125,26,0,1,1299,0,0,1.84,/edoardo-scanagatta/profil/spieler/416665,"Jun 30, 2022","Jun 30, 2023"
212,Alberto Alari,23,"Jan 21, 1999",Italy,ATALANTA,out,Centre-Back,0.075,18,0,0,1065,0,0,1.88,/alberto-alari/profil/spieler/392953,"Jun 30, 2019","Jun 30, 2023"
213,Riccardo Burgio,21,"May 5, 2001 ",Italy,ATALANTA,out,Left Midfield,0.15,11,1,0,377,0,0,-,/riccardo-burgio/profil/spieler/537546,"Jan 3, 2021","Jun 30, 2023"
214,Matteo Pedrini,22,"Jan 16, 2000",Italy,ATALANTA,out,Central Midfield,0.05,15,0,0,640,0,0,1.8,/matteo-pedrini/profil/spieler/459152,"Jul 1, 2020","Jun 30, 2023"
215,Antonio Reda,19,"Aug 22, 2002",Italy,ATALANTA,out,Centre-Forward,0.01,1,0,0,10,0,0,1.88,/antonio-reda/profil/spieler/487845,"Jun 30, 2022","Jun 30, 2023"
216,Alessio Girgi,22,"Apr 1, 2000 ",Italy,ATALANTA,out,Left-Back,0.125,5,0,0,211,0,0,1.82,/alessio-girgi/profil/spieler/401648,"Jun 30, 2021","Jun 30, 2023"
217,Christian Capone,23,"Apr 28, 1999",Italy,ATALANTA,out,Left Winger,0.45,18,1,2,594,0,0,1.83,/christian-capone/profil/spieler/315856,"Aug 31, 2020","Jun 30, 2024"
218,Andrea Viviani,20,"May 16, 2002",Italy,ATALANTA,out,Central Midfield,0.025,9,0,0,440,0,0,-,/andrea-viviani/profil/spieler/487840,"Jun 30, 2022","Jun 30, 2023"
219,Erdis Kraja,22,"Jul 7, 2000 ",Albania,ATALANTA,out,Central Midfield,0.25,35,3,2,2412,0,0,1.81,/erdis-kraja/profil/spieler/459147,"Jun 30, 2020","Jun 30, 2023"
220,Emmanuel Gyabuaa,20,"Sep 21, 2001",Italy,ATALANTA,out,Central Midfield,0.5,8,0,0,228,0,0,1.75,/emmanuel-gyabuaa/profil/spieler/432089,"Jun 30, 2022","Jun 30, 2024"
221,Lorenzo Peli,22,"Jan 24, 2000",Italy,ATALANTA,out,Right Winger,0.175,11,0,1,264,0,0,1.73,/lorenzo-peli/profil/spieler/459149,"Jun 30, 2020","Jun 30, 2024"
222,Stefano Mazzini,23,"Dec 6, 1998 ",Italy,ATALANTA,out,Goalkeeper,0.1,6,0,0,487,9,2,1.91,/stefano-mazzini/profil/spieler/346528,"Jul 1, 2016","Jun 30, 2023"
223,Jonathan Italeng,20,"Aug 11, 2001",Cameroon,ATALANTA,out,Centre-Forward,0.05,15,0,0,417,0,0,1.85,/jonathan-italeng/profil/spieler/650254,"Jan 25, 2022","Jun 30, 2023"
224,Ludovico Gelmi,21,"May 2, 2001 ",Italy,ATALANTA,out,Goalkeeper,0.2,15,0,0,1345,0,0,-,/ludovico-gelmi/profil/spieler/421766,"Jan 30, 2022","Jun 30, 2024"
225,Giorgio Brogni,21,"Jan 28, 2001",Italy,ATALANTA,out,Left-Back,0.15,30,0,0,1517,0,0,1.8,/giorgio-brogni/profil/spieler/465667,"Jan 11, 2022","Jun 30, 2023"
226,Lorenzo Babbi,22,"May 21, 2000",Italy,ATALANTA,out,Centre-Forward,0.05,25,0,1,483,0,0,1.92,/lorenzo-babbi/profil/spieler/420513,"Jun 30, 2021","Jun 30, 2023"
227,Eyob Zambataro,23,"Aug 18, 1998",Italy,ATALANTA,out,Left Midfield,0.275,23,1,3,1768,0,0,1.76,/eyob-zambataro/profil/spieler/389581,"Jun 30, 2019","Jun 30, 2023"
228,Marco Tumminello,23,"Nov 6, 1998 ",Italy,ATALANTA,out,Centre-Forward,0.35,14,1,0,351,0,0,1.8,/marco-tumminello/profil/spieler/315850,"Jul 1, 2018","Jun 30, 2023"
229,Gabriel Lunetta,26,"Aug 10, 1996",Italy,ATALANTA,out,Left Midfield,0.3,33,3,3,2097,0,0,1.86,/gabriel-lunetta/profil/spieler/287710,"Jun 30, 2017","Jun 30, 2023"
230,Marco Carraro,24,"Jan 9, 1998 ",Italy,ATALANTA,out,Defensive Midfield,0.65,36,2,2,2684,0,0,1.87,/marco-carraro/profil/spieler/297630,"Jul 1, 2018","Jun 30, 2023"
231,Alassane Sidibe,20,"Jun 9, 2002 ",Cote d'Ivoire,ATALANTA,out,Central Midfield,0.9,45,18,8,3518,0,0,1.8,/alassane-sidibe/profil/spieler/616638,"Jul 1, 2022","Jun 30, 2023"
232,Marco Carnesecchi,22,"Jul 1, 2000 ",Italy,ATALANTA,out,Goalkeeper,8.0,37,0,0,3294,38,10,1.91,/marco-carnesecchi/profil/spieler/459763,"Jul 1, 2019","Jun 30, 2026"
233,Jacopo Da Riva,21,"Oct 27, 2000",Italy,ATALANTA,out,Central Midfield,1.2,25,2,2,1337,0,0,1.87,/jacopo-da-riva/profil/spieler/430503,-,"Jun 30, 2023"
234,Luca Vido,25,"Feb 3, 1997 ",Italy,ATALANTA,out,Centre-Forward,0.9,31,6,3,1444,0,0,1.82,/luca-vido/profil/spieler/264514,"Jul 1, 2017","Jun 30, 2024"
235,Samuel Giovane,19,"Mar 28, 2003",Italy,ATALANTA,out,Central Midfield,0.5,39,3,4,2690,0,0,1.81,/samuel-giovane/profil/spieler/567470,"Jul 1, 2022","Jun 30, 2023"
236,Alessandro Cortinovis,21,"Jan 25, 2001",Italy,ATALANTA,out,Attacking Midfield,0.9,30,1,2,1462,0,0,1.8,/alessandro-cortinovis/profil/spieler/421768,"Jun 30, 2022","Jun 30, 2023"
237,David Heidenreich,22,"Jun 24, 2000",Czech Republic,ATALANTA,out,Centre-Back,0.35,4,1,0,234,0,0,1.91,/david-heidenreich/profil/spieler/473887,"Jun 30, 2021","Jun 30, 2025"
238,Lorenzo Avogadri,20,"Aug 21, 2001",Italy,ATALANTA,out,Goalkeeper,0.01,1,0,0,90,4,0,1.88,/lorenzo-avogadri/profil/spieler/463497,"Jun 30, 2022","Jun 30, 2024"
239,Khadim Ndiaye,22,"Apr 12, 2000",Senegal,ATALANTA,out,Goalkeeper,,10,0,0,900,0,0,-,/khadim-ndiaye/profil/spieler/623851,"Jun 30, 2021","Jun 30, 2023"
240,Davide Ghislandi,21,"Jun 16, 2001",Italy,ATALANTA,out,Right-Back,0.275,26,0,1,2094,0,0,1.77,/davide-ghislandi/profil/spieler/421769,"Jun 30, 2022","Jun 30, 2024"
241,Simone Mazzocchi,23,"Aug 17, 1998",Italy,ATALANTA,out,Centre-Forward,0.5,25,4,0,1008,0,0,1.82,/simone-mazzocchi/profil/spieler/337809,"Jun 30, 2018","Jun 30, 2025"
242,Daniele Solcia,21,"Mar 7, 2001 ",Italy,ATALANTA,out,Centre-Back,0.125,19,1,0,1510,0,0,-,/daniele-solcia/profil/spieler/536814,"Jun 30, 2021","Jun 30, 2023"
243,Marco Varnier,24,"Jun 8, 1998 ",Italy,ATALANTA,out,Centre-Back,0.3,12,0,0,985,0,0,1.86,/marco-varnier/profil/spieler/362981,"Jul 2, 2018","Jun 30, 2024"
244,Emmanuel Latte Lath,23,"Jan 1, 1999 ",Cote d'Ivoire,ATALANTA,out,Centre-Forward,0.7,19,3,0,877,0,0,1.76,/emmanuel-latte-lath/profil/spieler/392964,"Jan 23, 2019","Jun 30, 2024"
245,Roberto Piccoli,21,"Jan 27, 2001",Italy,ATALANTA,out,Centre-Forward,3.5,17,1,0,400,0,0,1.9,/roberto-piccoli/profil/spieler/432092,"Jul 1, 2020","Jun 30, 2024"
246,Federico Mattiello,26,"Jul 14, 1995",Italy,ATALANTA,out,Right-Back,0.4,13,0,0,552,0,0,1.84,/federico-mattiello/profil/spieler/200194,"Jan 30, 2018","Jun 30, 2023"
247,Matteo Salvi,23,"Mar 20, 1999",Italy,ATALANTA,out,Centre-Back,0.025,16,1,0,1050,0,0,1.96,/matteo-salvi/profil/spieler/458096,"Jul 1, 2018","Jun 30, 2023"
248,Josip Ilicic,34,"Jan 29, 1988",Slovenia,ATALANTA,out,Attacking Midfield,0.4,24,4,5,1085,0,0,1.9,/josip-ilicic/profil/spieler/80351,"Jul 5, 2017","Jun 30, 2025"
249,Bryan Cabezas,25,"Mar 20, 1997",Ecuador,ATALANTA,out,Left Winger,0.3,5,0,1,203,0,0,1.82,/bryan-cabezas/profil/spieler/312735,"Aug 8, 2016",-
254,Mattia Zaccagni,27,"Jun 16, 1995",Italy,VERONA,7.1,Left Winger,22.0,39,7,7,2707,0,0,1.77,/mattia-zaccagni/profil/spieler/283735,"Jul 1, 2014","Jun 30, 2025"
255,Nicolò Casale,24,"Feb 14, 1998",Italy,VERONA,7.0,Centre-Back,9.0,37,0,2,2613,0,0,1.91,/nicolo-casale/profil/spieler/389837,"Jul 1, 2017","Jun 30, 2027"
257,Giovanni Simeone,27,"Jul 5, 1995 ",Argentina,VERONA,3.5,Centre-Forward,17.0,37,17,6,2675,0,0,1.8,/giovanni-simeone/profil/spieler/282388,"Jul 1, 2022","Jun 30, 2023"
259,Antonin Barak,27,"Dec 3, 1994 ",Czech Republic,VERONA,1.46,Attacking Midfield,12.0,30,11,4,2413,0,0,1.9,/antonin-barak/profil/spieler/272261,"Jul 1, 2021","Jun 30, 2027"
260,Nunzio Brandi,21,"May 10, 2001",Italy,VERONA,out,Central Midfield,0.05,16,0,0,460,0,0,1.84,/nunzio-brandi/profil/spieler/537668,"Jun 30, 2021","Jun 30, 2023"
262,Daniel Bessa,29,"Jan 14, 1993",Italy,VERONA,out,Central Midfield,3.0,25,1,2,840,0,0,1.78,/daniel-bessa/profil/spieler/140757,"Jan 3, 2017","Jun 30, 2024"
263,Nicola Borghetto,22,"Nov 25, 1999",Italy,VERONA,out,Goalkeeper,0.075,6,0,0,506,4,2,1.88,/nicola-borghetto/profil/spieler/415801,"Jul 1, 2018","Jun 30, 2023"
264,Lubomir Tupta,24,"Mar 27, 1998",Slovakia,VERONA,out,Centre-Forward,0.4,27,6,1,1468,0,0,1.82,/lubomir-tupta/profil/spieler/344806,"Jul 1, 2018","Jun 30, 2023"
265,Bogdan Jocic,21,"Jan 11, 2001",Serbia,VERONA,out,Attacking Midfield,0.2,10,0,0,227,0,0,1.84,/bogdan-jocic/profil/spieler/574669,"Jul 1, 2021","Jun 30, 2024"
266,Mariusz Stepinski,27,"May 12, 1995",Poland,VERONA,out,Centre-Forward,2.0,25,9,3,2014,0,0,1.83,/mariusz-stepinski/profil/spieler/210363,"Sep 2, 2019","Jun 30, 2024"
267,Mert Cetin,25,"Jan 1, 1997 ",Turkey,VERONA,out,Centre-Back,1.5,16,1,0,1226,0,0,1.89,/mert-cetin/profil/spieler/391498,"Jul 1, 2021","Jun 30, 2023"
268,Panagiotis Retsos,24,"Aug 9, 1998 ",Greece,VERONA,out,Centre-Back,2.5,13,0,0,273,0,0,1.86,/panagiotis-retsos/profil/spieler/324351,"Jan 25, 2022","Jun 30, 2023"
270,Bruno Conti,20,"Jun 13, 2002",Italy,VERONA,out,Central Midfield,0.1,30,2,2,2150,0,0,1.67,/bruno-conti/profil/spieler/572443,"Jul 19, 2022","Jun 30, 2023"
271,Kevin Rüegg,23,"Aug 5, 1998 ",Switzerland,VERONA,out,Right-Back,1.0,20,0,2,1397,0,0,1.73,/kevin-ruegg/profil/spieler/290032,"Sep 1, 2020","Jun 30, 2023"
272,Ivor Pandur,22,"Mar 25, 2000",Croatia,VERONA,out,Goalkeeper,1.5,5,0,0,450,10,1,1.87,/ivor-pandur/profil/spieler/371013,"Sep 1, 2020","Jun 30, 2023"
273,Matteo Cancellieri,20,"Feb 12, 2002",Italy,VERONA,out,Right Winger,5.0,14,2,1,385,0,0,1.8,/matteo-cancellieri/profil/spieler/550106,"Jul 1, 2021","Jun 30, 2023"
274,Bruno Amione,20,"Jan 3, 2002 ",Argentina,VERONA,out,Centre-Back,2.0,16,0,0,1210,0,0,1.87,/bruno-amione/profil/spieler/644676,"Oct 3, 2020","Jun 30, 2023"
275,Adama Sane,22,"Jun 11, 2000",Senegal,VERONA,out,Centre-Forward,0.125,30,5,3,1594,0,0,1.78,/adama-sane/profil/spieler/459644,"Feb 1, 2021","Jun 30, 2023"
276,Dramane Konaté,28,"Apr 12, 1994",Cote d'Ivoire,VERONA,out,Centre-Back,0.025,11,0,0,496,0,0,1.84,/dramane-konate/profil/spieler/240094,"Aug 3, 2022","Jun 30, 2023"
284,Bremer,25,"Mar 18, 1997",Brazil,TORINO,41.0,Centre-Back,40.0,33,3,1,2893,0,0,1.88,/bremer/profil/spieler/516716,"Jul 10, 2018","Jun 30, 2027"
285,Jacopo Segre,25,"Feb 17, 1997",Italy,TORINO,0.5,Central Midfield,1.6,38,1,2,2675,0,0,1.85,/jacopo-segre/profil/spieler/373899,"Jul 1, 2016","Jun 30, 2025"
286,Andrea Belotti,28,"Dec 20, 1993",Italy,TORINO,out,Centre-Forward,15.0,23,8,1,1418,0,0,1.81,/andrea-belotti/profil/spieler/167727,"Aug 18, 2015","Jun 30, 2023"
287,Tomás Rincón,34,"Jan 13, 1988",Venezuela,TORINO,out,Defensive Midfield,0.8,27,0,0,1546,0,0,1.77,/tomas-rincon/profil/spieler/75942,"Jul 1, 2018","Jun 30, 2023"
288,Cristian Ansaldi,35,"Sep 20, 1986",Argentina,TORINO,out,Left-Back,0.5,20,0,3,769,0,0,1.81,/cristian-ansaldi/profil/spieler/55854,"Jul 1, 2019","Jun 30, 2023"
289,Krisztofer Horváth,20,"Jan 8, 2002 ",Hungary,TORINO,out,Attacking Midfield,0.4,33,19,12,2632,0,0,1.85,/krisztofer-horvath/profil/spieler/543736,"Jun 30, 2022","Jun 30, 2023"
290,Samuele Lovaglio,19,"Sep 28, 2002",Italy,TORINO,out,Right Winger,0.05,22,1,2,1057,0,0,-,/samuele-lovaglio/profil/spieler/707303,"Jan 25, 2022","Jun 30, 2023"
291,Ibrahim Karamoko,20,"Jul 23, 2001",France,TORINO,out,Central Midfield,0.15,13,0,1,372,0,0,1.87,/ibrahim-karamoko/profil/spieler/538072,"Jun 30, 2022","Jun 30, 2023"
292,Thomas Fimognari,20,"Jun 17, 2002",Italy,TORINO,out,Defensive Midfield,0.025,0,0,0,0,0,0,1.89,/thomas-fimognari/profil/spieler/631420,"Jun 30, 2022","Jun 30, 2023"
293,Vincenzo Millico,22,"Aug 12, 2000",Italy,TORINO,out,Left Winger,0.9,20,3,1,726,0,0,1.74,/vincenzo-millico/profil/spieler/390159,"Jul 1, 2019","Jun 30, 2023"
294,Samuele Vianni,21,"Jul 5, 2001 ",Italy,TORINO,out,Centre-Forward,0.075,26,0,0,670,0,0,1.81,/samuele-vianni/profil/spieler/534174,"Jun 30, 2022","Jun 30, 2024"
295,Ben Lhassine Kone,22,"Mar 14, 2000",Cote d'Ivoire,TORINO,out,Attacking Midfield,0.9,18,1,1,777,0,0,1.72,/ben-lhassine-kone/profil/spieler/522681,"Jul 1, 2019","Jun 30, 2023"
296,Christian Celesia,20,"Jan 22, 2002",Italy,TORINO,out,Centre-Back,0.1,15,0,0,697,0,0,1.83,/christian-celesia/profil/spieler/562287,"Jan 25, 2022","Jun 30, 2023"
297,Nicola Rauti,22,"Apr 17, 2000",Italy,TORINO,out,Centre-Forward,0.25,34,6,1,1614,0,0,1.8,/nicola-rauti/profil/spieler/417896,-,"Jun 30, 2023"
298,Magnus Warming,22,"Jun 8, 2000 ",Denmark,TORINO,out,Left Winger,0.8,6,0,1,151,0,0,1.88,/magnus-warming/profil/spieler/482107,"Jul 9, 2021","Jun 30, 2023"
299,Simone Verdi,30,"Jul 12, 1992",Italy,TORINO,out,Attacking Midfield,4.5,19,6,0,923,0,0,1.74,/simone-verdi/profil/spieler/130360,"Sep 1, 2020","Jun 30, 2023"
300,Armando Izzo,30,"Mar 2, 1992 ",Italy,TORINO,out,Centre-Back,2.8,13,0,0,629,0,0,1.83,/armando-izzo/profil/spieler/32113,"Jul 4, 2018","Jun 30, 2023"
302,Simone Zaza,31,"Jun 25, 1991",Italy,TORINO,out,Centre-Forward,0.8,10,0,0,205,0,0,1.86,/simone-zaza/profil/spieler/96828,"Jul 1, 2019",-
311,Gianluca Scamacca,23,"Jan 1, 1999 ",Italy,SASSUOLO,36.0,Centre-Forward,30.0,38,16,1,2309,0,0,1.95,/gianluca-scamacca/profil/spieler/315867,"Jul 1, 2017","Jun 30, 2027"
312,Jérémie Boga,25,"Jan 3, 1997 ",Cote d'Ivoire,SASSUOLO,22.0,Left Winger,15.0,34,2,4,1746,0,0,1.74,/jeremie-boga/profil/spieler/216569,"Jul 21, 2018","Jun 30, 2026"
313,Giacomo Raspadori,22,"Feb 18, 2000",Italy,SASSUOLO,5.0,Second Striker,35.0,38,10,6,2932,0,0,1.72,/giacomo-raspadori/profil/spieler/405885,"Jul 1, 2018","Jun 30, 2023"
314,Jens Odgaard,23,"Mar 31, 1999",Denmark,SASSUOLO,4.1,Centre-Forward,6.0,33,11,6,2609,0,0,1.88,/jens-odgaard/profil/spieler/345590,"Jul 1, 2018","Jun 30, 2023"
315,Francesco Caputo,34,"Aug 6, 1987 ",Italy,SASSUOLO,3.5,Centre-Forward,1.5,40,11,7,3059,0,0,1.81,/francesco-caputo/profil/spieler/84765,"Jul 13, 2019","Jun 30, 2023"
316,Mehdi Bourabia,30,"Aug 7, 1991 ",Morocco,SASSUOLO,1.65,Defensive Midfield,1.3,9,1,0,321,0,0,1.83,/mehdi-bourabia/profil/spieler/131731,"Jul 17, 2018","Jun 30, 2023"
317,Lukas Haraslin,26,"May 26, 1996",Slovakia,SASSUOLO,1.5,Left Winger,1.6,42,6,8,2566,0,0,1.82,/lukas-haraslin/profil/spieler/239941,"Sep 1, 2020",-
318,Mattia Poligani,20,"Jan 23, 2002",Italy,SASSUOLO,out,Central Midfield,,16,0,0,887,0,0,-,/mattia-poligani/profil/spieler/613098,"Jun 30, 2022","Jun 30, 2023"
319,Nicolás Schiappacasse,23,"Jan 12, 1999",Uruguay,SASSUOLO,out,Left Winger,0.15,12,2,0,508,0,0,1.82,/nicolas-schiappacasse/profil/spieler/345473,"Oct 5, 2020","Dec 31, 2023"
320,Filip Djuricic,30,"Jan 30, 1992",Serbia,SASSUOLO,out,Attacking Midfield,2.5,12,2,1,677,0,0,1.81,/filip-djuricic/profil/spieler/94307,"Jul 1, 2018","Jun 30, 2024"
321,Edoardo Operato,20,"Jan 14, 2002",Italy,SASSUOLO,out,Centre-Back,,13,0,0,494,0,0,1.92,/edoardo-operato/profil/spieler/613134,"Jun 30, 2022","Jun 30, 2023"
322,Giacomo Satalino,23,"May 20, 1999",Italy,SASSUOLO,out,Goalkeeper,0.2,1,0,0,7,0,1,1.88,/giacomo-satalino/profil/spieler/323255,"Jul 1, 2018","Jun 30, 2023"
323,Jacopo Pellegrini,21,"Sep 12, 2000",Italy,SASSUOLO,out,Centre-Forward,0.2,18,0,1,682,0,0,1.85,/jacopo-pellegrini/profil/spieler/546627,"Jun 30, 2021","Jun 30, 2023"
324,Matteo Saccani,21,"Jan 1, 2001 ",Italy,SASSUOLO,out,Right Midfield,0.25,37,1,3,2725,0,0,1.83,/matteo-saccani/profil/spieler/557132,"Jun 30, 2022","Jun 30, 2023"
325,Alessandro Mercati,20,"May 12, 2002",Italy,SASSUOLO,out,Central Midfield,0.3,37,1,6,2777,0,0,1.81,/alessandro-mercati/profil/spieler/604579,"Jun 30, 2022","Jun 30, 2026"
326,Andrea Meroni,25,"Jan 9, 1997 ",Italy,SASSUOLO,out,Centre-Back,0.225,8,0,0,548,0,0,1.88,/andrea-meroni/profil/spieler/337149,"Jul 31, 2019","Jun 30, 2023"
327,Davide Manarelli,20,"Feb 1, 2002 ",Italy,SASSUOLO,out,Left-Back,0.075,27,0,1,1711,0,0,-,/davide-manarelli/profil/spieler/690204,"Jun 30, 2022","Jun 30, 2023"
328,Enrico Brignola,22,"Jul 8, 1999 ",Italy,SASSUOLO,out,Second Striker,0.7,23,0,0,618,0,0,1.68,/enrico-brignola/profil/spieler/323147,"Aug 2, 2018","Jun 30, 2023"
329,Leonardo Sernicola,24,"Jul 30, 1997",Italy,SASSUOLO,out,Right-Back,1.9,34,0,1,2894,0,0,1.87,/leonardo-sernicola/profil/spieler/340707,"Jul 1, 2018","Jun 30, 2023"
330,Vlad Chiriches,32,"Nov 14, 1989",Romania,SASSUOLO,out,Centre-Back,1.3,29,0,0,2301,0,0,1.84,/vlad-chiriches/profil/spieler/123261,"Sep 1, 2020","Jun 30, 2023"
331,Marco Pinato,27,"Jan 9, 1995 ",Italy,SASSUOLO,out,Central Midfield,0.5,31,2,1,1689,0,0,1.75,/marco-pinato/profil/spieler/164020,"Aug 16, 2018","Jun 30, 2023"
332,Claud Adjapong,24,"May 6, 1998 ",Italy,SASSUOLO,out,Right-Back,1.2,21,0,1,1288,0,0,1.8,/claud-adjapong/profil/spieler/337716,"Aug 1, 2016","Jun 30, 2023"
333,Alessandro Pilati,22,"Mar 26, 2000",Italy,SASSUOLO,out,Centre-Back,0.125,15,0,1,1009,0,0,1.9,/alessandro-pilati/profil/spieler/457440,"Jun 30, 2021","Jun 30, 2023"
334,Andrei Marginean,21,"Jul 3, 2001 ",Romania,SASSUOLO,out,Central Midfield,0.225,21,3,2,1008,0,0,1.9,/andrei-marginean/profil/spieler/547827,"Jun 30, 2022","Jun 30, 2024"
335,Yeferson Paz,20,"Jun 13, 2002",Colombia,SASSUOLO,out,Right Midfield,0.45,35,3,3,3030,0,0,1.76,/yeferson-paz/profil/spieler/655525,"Jul 1, 2022","Jun 30, 2023"
336,Federico Artioli,21,"Jun 12, 2001",Italy,SASSUOLO,out,Central Midfield,0.175,32,2,1,1399,0,0,1.78,/federico-artioli/profil/spieler/497312,"Jun 30, 2022","Jun 30, 2023"
337,Stefano Piccinini,19,"Dec 31, 2002",Italy,SASSUOLO,out,Centre-Back,0.225,33,0,0,2447,0,0,1.86,/stefano-piccinini/profil/spieler/602607,"Jun 30, 2022","Jun 30, 2023"
338,Marco Sala,23,"Jun 4, 1999 ",Italy,SASSUOLO,out,Left-Back,1.4,29,0,2,1495,0,0,1.82,/marco-sala/profil/spieler/392570,"Jul 1, 2019","Jun 30, 2024"
339,Ryan Flamingo,19,"Dec 31, 2002",Netherlands,SASSUOLO,out,Centre-Back,2.0,35,14,1,3155,0,0,1.86,/ryan-flamingo/profil/spieler/586429,"Jul 1, 2022","Jun 30, 2025"
340,Matteo Pinelli,21,"Jan 3, 2001 ",Italy,SASSUOLO,out,Left-Back,0.05,15,1,0,976,0,0,1.81,/matteo-pinelli/profil/spieler/476066,"Feb 6, 2022","Jun 30, 2023"
341,Andrea Ghion,22,"Feb 23, 2000",Italy,SASSUOLO,out,Defensive Midfield,0.4,12,0,0,501,0,0,1.74,/andrea-ghion/profil/spieler/390163,"Jul 1, 2019","Jun 30, 2023"
342,Stefano Turati,20,"Sep 5, 2001 ",Italy,SASSUOLO,out,Goalkeeper,2.0,22,0,0,1913,29,8,1.88,/stefano-turati/profil/spieler/543666,"Oct 1, 2019","Jun 30, 2025"
343,Luca Moro,21,"Jan 25, 2001",Italy,SASSUOLO,out,Centre-Forward,3.2,2,0,0,59,0,0,1.89,/luca-moro/profil/spieler/600936,"Jan 31, 2022","Jun 30, 2023"
345,Leonardo Fontanesi,26,"Feb 20, 1996",Italy,SASSUOLO,out,Centre-Back,,0,0,0,0,0,0,1.9,/leonardo-fontanesi/profil/spieler/287638,"Jul 1, 2015","Jun 30, 2023"
346,Isaac Karamoko,20,"May 26, 2002",France,SASSUOLO,out,Left Winger,0.175,24,4,2,1464,0,0,1.78,/isaac-karamoko/profil/spieler/721953,"Jun 30, 2022","Jun 30, 2023"
347,Giuseppe Aurelio,22,"Mar 22, 2000",Italy,SASSUOLO,out,Left Midfield,0.3,18,1,1,1374,0,0,1.86,/giuseppe-aurelio/profil/spieler/457444,"Jan 19, 2021","Jun 30, 2023"
348,Federico Peluso,38,"Jan 20, 1984",Italy,SASSUOLO,out,Left-Back,,3,0,0,25,0,0,1.88,/federico-peluso/profil/spieler/21763,"Jul 3, 2014",-
349,Francesco Magnanelli,37,"Nov 12, 1984",Italy,SASSUOLO,out,Defensive Midfield,,13,0,0,307,0,0,1.81,/francesco-magnanelli/profil/spieler/7093,"Jul 1, 2005",-
354,Nahuel Molina,24,"Apr 6, 1998 ",Argentina,UDINESE,20.0,Right-Back,22.0,37,8,5,2784,0,0,1.75,/nahuel-molina/profil/spieler/424042,"Sep 15, 2020","Jun 30, 2027"
355,Destiny Udogie,19,"Nov 28, 2002",Italy,UDINESE,18.0,Left-Back,22.0,37,5,3,2693,0,0,1.88,/destiny-udogie/profil/spieler/556385,"Aug 17, 2022","Jun 30, 2023"
356,Brandon Soppy,20,"Feb 21, 2002",France,UDINESE,9.1,Right-Back,10.0,30,0,0,970,0,0,1.81,/brandon-soppy/profil/spieler/546880,"Aug 30, 2021","Jun 30, 2026"
357,Mamadou Coulibaly,23,"Feb 3, 1999 ",Senegal,UDINESE,3.0,Central Midfield,1.2,12,2,0,885,0,0,1.83,/mamadou-coulibaly/profil/spieler/472161,"Jul 10, 2017","Jun 30, 2023"
358,Thomas Battistella,20,"Jul 29, 2001",Italy,UDINESE,0.7,Central Midfield,0.4,35,7,1,2813,0,0,1.86,/thomas-battistella/profil/spieler/473871,"Jun 30, 2022","Jun 30, 2023"
359,Giacomo Fedel,20,"Aug 5, 2002 ",Italy,UDINESE,out,Central Midfield,0.1,39,1,0,3381,0,0,-,/giacomo-fedel/profil/spieler/565162,"Jun 30, 2022","Jun 30, 2023"
360,Riad Bajić,28,"May 6, 1994 ",Bosnia-Herzegovina,UDINESE,out,Centre-Forward,1.5,30,4,6,1270,0,0,1.89,/riad-baji%C4%87/profil/spieler/263267,"Aug 1, 2017","Jun 30, 2023"
361,Jens Stryger Larsen,31,"Feb 21, 1991",Denmark,UDINESE,out,Right-Back,2.0,12,0,1,746,0,0,1.8,/jens-stryger-larsen/profil/spieler/69646,"Aug 24, 2017","Jun 30, 2025"
362,Cristo González,24,"Oct 24, 1997",Spain,UDINESE,out,Centre-Forward,1.5,33,3,1,1193,0,0,1.78,/cristo-gonzalez/profil/spieler/339707,"Jul 19, 2019","Jun 30, 2023"
363,Petar Micin,23,"Sep 29, 1998",Serbia,UDINESE,out,Attacking Midfield,0.3,13,1,0,741,0,0,1.89,/petar-micin/profil/spieler/343963,"Jul 1, 2018","Jun 30, 2023"
364,Manuel Gasparini,20,"May 19, 2002",Italy,UDINESE,out,Goalkeeper,0.25,6,0,0,494,11,1,1.86,/manuel-gasparini/profil/spieler/487828,"Sep 1, 2020","Jun 30, 2025"
365,Felipe Vizeu,25,"Mar 12, 1997",Brazil,UDINESE,out,Centre-Forward,0.5,10,2,2,504,0,0,1.85,/felipe-vizeu/profil/spieler/425462,"Jul 1, 2018","Jun 30, 2023"
366,Filip Benkovic,25,"Jul 13, 1997",Croatia,UDINESE,out,Centre-Back,1.7,5,0,0,215,0,0,1.94,/filip-benkovic/profil/spieler/293168,"Jan 13, 2022","Jun 30, 2023"
367,Hassane Kamara,28,"Mar 5, 1994 ",Cote d'Ivoire,UDINESE,out,Left-Back,6.0,30,1,0,2167,0,0,1.7,/hassane-kamara/profil/spieler/290017,"Aug 22, 2022","Jun 30, 2026"
368,Martin Palumbo,20,"Mar 5, 2002 ",Norway,UDINESE,out,Central Midfield,0.8,21,0,1,902,0,0,1.83,/martin-palumbo/profil/spieler/617170,"Sep 1, 2020","Jun 30, 2023"
369,Marco Ballarini,21,"Mar 28, 2001",Italy,UDINESE,out,Central Midfield,0.125,13,0,0,315,0,0,1.86,/marco-ballarini/profil/spieler/465279,"Jun 1, 2020","Jun 30, 2023"
371,Antonio Santurro,30,"Feb 29, 1992",Dominican Republic,UDINESE,out,Goalkeeper,0.05,0,0,0,0,0,0,1.92,/antonio-santurro/profil/spieler/130388,"Oct 3, 2021","Jun 30, 2023"
372,Marvin Zeegelaar,31,"Aug 12, 1990",Netherlands,UDINESE,out,Left-Back,0.5,16,0,0,847,0,0,1.86,/marvin-zeegelaar/profil/spieler/92899,"Mar 7, 2023","Jun 30, 2023"
377,Arthur Theate,22,"May 25, 2000",Belgium,BOLOGNA,19.0,Centre-Back,20.0,34,2,1,2696,0,0,1.85,/arthur-theate/profil/spieler/368891,"Jul 1, 2022","Jun 30, 2026"
378,Aaron Hickey,20,"Jun 10, 2002",Scotland,BOLOGNA,16.5,Left-Back,18.0,36,5,1,2834,0,0,1.85,/aaron-hickey/profil/spieler/591949,"Sep 24, 2020","Jun 30, 2026"
379,Mattias Svanberg,23,"Jan 5, 1999 ",Sweden,BOLOGNA,9.0,Central Midfield,15.0,37,3,3,2585,0,0,1.85,/mattias-svanberg/profil/spieler/342405,"Jul 5, 2018","Jun 30, 2027"
380,César Falletti,29,"Dec 2, 1992 ",Uruguay,BOLOGNA,1.2,Attacking Midfield,1.4,22,10,3,1554,0,0,1.74,/cesar-falletti/profil/spieler/218306,"Jul 19, 2017","Jun 30, 2023"
381,Ibrahima Mbaye,27,"Nov 19, 1994",Senegal,BOLOGNA,out,Right-Back,0.45,7,0,0,157,0,0,1.88,/ibrahima-mbaye/profil/spieler/207715,"Jul 1, 2015",-
382,Federico Santander,31,"Jun 4, 1991 ",Paraguay,BOLOGNA,out,Centre-Forward,0.45,7,1,0,60,0,0,1.87,/federico-santander/profil/spieler/99180,"Jul 1, 2018","Jun 30, 2023"
383,Flavio Di Dio,20,"Mar 5, 2002 ",Italy,BOLOGNA,out,Left Winger,0.075,15,1,1,445,0,0,1.75,/flavio-di-dio/profil/spieler/628308,"Jan 16, 2022","Jun 30, 2023"
384,Diego Falcinelli,31,"Jun 26, 1991",Italy,BOLOGNA,out,Centre-Forward,0.8,6,0,0,60,0,0,1.86,/diego-falcinelli/profil/spieler/119115,"Jul 4, 2018","Jun 30, 2024"
385,Nicolas Viola,32,"Oct 12, 1989",Italy,BOLOGNA,out,Central Midfield,0.6,6,0,0,98,0,0,1.8,/nicolas-viola/profil/spieler/85393,"Oct 20, 2021","Jun 30, 2024"
386,Simone Rabbi,20,"Oct 30, 2001",Italy,BOLOGNA,out,Centre-Forward,0.3,37,5,2,2018,0,0,1.8,/simone-rabbi/profil/spieler/482792,"Jun 30, 2022","Jun 30, 2023"
387,Stefano Denswil,29,"May 7, 1993 ",Netherlands,BOLOGNA,out,Centre-Back,4.4,29,0,2,2030,0,0,1.88,/stefano-denswil/profil/spieler/182923,"Jul 6, 2019","Jun 30, 2023"
388,Emanuele Acampora,21,"Jul 18, 2001",Italy,BOLOGNA,out,Left-Back,,13,0,0,383,0,0,1.86,/emanuele-acampora/profil/spieler/607187,"Jan 30, 2022","Jun 30, 2023"
389,Omar Khailoti,20,"Sep 5, 2001 ",Morocco,BOLOGNA,out,Centre-Back,0.1,16,0,0,969,0,0,1.92,/omar-khailoti/profil/spieler/556173,-,"Jun 30, 2025"
390,Gianmarco Cangiano,20,"Nov 16, 2001",Italy,BOLOGNA,out,Left Winger,0.8,7,0,1,248,0,0,1.76,/gianmarco-cangiano/profil/spieler/496270,"Jun 1, 2020","Jun 30, 2023"
391,Andri Fannar Baldursson,20,"Jan 10, 2002",Iceland,BOLOGNA,out,Central Midfield,0.5,11,0,1,407,0,0,1.87,/andri-fannar-baldursson/profil/spieler/464446,"Jun 1, 2020","Jun 30, 2023"
392,Luis Binks,20,"Sep 2, 2001 ",England,BOLOGNA,out,Centre-Back,1.5,15,0,0,641,0,0,1.9,/luis-binks/profil/spieler/471004,"Aug 13, 2020","Jun 30, 2023"
393,Federico Ravaglia,22,"Nov 11, 1999",Italy,BOLOGNA,out,Goalkeeper,0.45,28,0,0,2550,31,9,1.96,/federico-ravaglia/profil/spieler/390304,"Jul 1, 2017","Jun 30, 2026"
394,Matteo Angeli,19,"Dec 30, 2002",Italy,BOLOGNA,out,Centre-Back,0.4,35,7,0,3020,0,0,1.85,/matteo-angeli/profil/spieler/621122,"Jul 6, 2022","Jun 30, 2023"
395,Kingsley Michael,22,"Aug 26, 1999",Nigeria,BOLOGNA,out,Central Midfield,0.4,2,0,0,77,0,0,1.76,/kingsley-michael/profil/spieler/401920,"Jul 1, 2018","Jun 30, 2023"
396,Mitchell Dijks,29,"Feb 9, 1993 ",Netherlands,BOLOGNA,out,Left-Back,2.0,16,0,2,687,0,0,1.94,/mitchell-dijks/profil/spieler/187245,"Jul 1, 2018","Jun 30, 2023"
397,Marco Molla,20,"Jun 19, 2002",Albania,BOLOGNA,out,Goalkeeper,0.05,1,0,0,90,6,0,1.92,/marco-molla/profil/spieler/574164,"Jul 1, 2021","Jun 30, 2023"
401,Mattia Viti,20,"Jan 24, 2002",Italy,EMPOLI,13.0,Centre-Back,10.0,22,0,0,1699,0,0,1.9,/mattia-viti/profil/spieler/493702,"Jul 1, 2020","Jun 30, 2027"
402,Samuele Ricci,20,"Aug 21, 2001",Italy,EMPOLI,8.5,Defensive Midfield,12.0,36,1,1,2432,0,0,1.8,/samuele-ricci/profil/spieler/467992,"Jul 1, 2019",-
403,Kristjan Asllani,20,"Mar 9, 2002 ",Albania,EMPOLI,4.5,Defensive Midfield,12.0,34,4,2,2246,0,0,1.75,/kristjan-asllani/profil/spieler/543771,"Jul 1, 2021","Jun 30, 2023"
404,Leonardo Mancuso,30,"May 26, 1992",Italy,EMPOLI,3.0,Centre-Forward,2.0,30,6,1,1321,0,0,1.82,/leonardo-mancuso/profil/spieler/160344,"Jul 13, 2019","Jun 30, 2023"
405,Samuele Damiani,24,"Jan 30, 1998",Italy,EMPOLI,0.3,Defensive Midfield,0.3,21,1,2,1196,0,0,1.78,/samuele-damiani/profil/spieler/390117,"Jul 1, 2017","Jun 30, 2026"
406,Davide Zappella,24,"Apr 29, 1998",Italy,EMPOLI,0.02,Right-Back,0.25,37,3,1,2618,0,0,1.76,/davide-zappella/profil/spieler/390120,"Jul 1, 2017","Jun 30, 2023"
407,Simone Romagnoli,32,"Feb 9, 1990 ",Italy,EMPOLI,out,Centre-Back,0.75,22,2,0,1752,0,0,1.93,/simone-romagnoli/profil/spieler/88706,"Jan 30, 2018",-
409,Andrea Adamoli,21,"Feb 26, 2001",Italy,EMPOLI,out,Left-Back,,11,2,2,479,0,0,1.76,/andrea-adamoli/profil/spieler/530848,"Jun 30, 2021","Jun 30, 2023"
410,Antonino Fradella,21,"Apr 10, 2001",Italy,EMPOLI,out,Centre-Back,0.05,3,0,0,83,0,0,,/antonino-fradella/profil/spieler/459277,"Jun 30, 2022","Jun 30, 2023"
411,Giacomo Siniega,21,"Jan 10, 2001",Italy,EMPOLI,out,Centre-Back,0.15,36,0,1,3081,0,0,1.86,/giacomo-siniega/profil/spieler/432088,"Jun 30, 2022","Jun 30, 2023"
412,Gabriel Meli,23,"Feb 5, 1999 ",Italy,EMPOLI,out,Goalkeeper,0.15,7,0,0,630,5,2,1.88,/gabriel-meli/profil/spieler/391049,"Jun 30, 2019","Jun 30, 2023"
413,Tommaso Fantacci,25,"Mar 17, 1997",Italy,EMPOLI,out,Attacking Midfield,0.1,28,1,1,965,0,0,1.83,/tommaso-fantacci/profil/spieler/291522,"Jun 30, 2017","Jun 30, 2023"
414,Alex Sposito,21,"Jun 6, 2001 ",Italy,EMPOLI,out,Goalkeeper,0.1,18,0,0,1574,0,0,1.93,/alex-sposito/profil/spieler/484160,"Jun 30, 2021","Jun 30, 2023"
415,Roberto Pirrello,26,"May 30, 1996",Italy,EMPOLI,out,Centre-Back,0.225,7,0,0,630,0,0,1.91,/roberto-pirrello/profil/spieler/250781,"Jul 18, 2019","Jun 30, 2024"
416,Emanuele Matteucci,22,"Jan 26, 2000",Italy,EMPOLI,out,Centre-Back,0.2,26,0,0,2024,0,0,1.84,/emanuele-matteucci/profil/spieler/358002,"Jun 30, 2022","Jun 30, 2023"
417,Jacopo Furlan,29,"Feb 22, 1993",Italy,EMPOLI,out,Goalkeeper,0.25,1,0,0,120,3,0,1.89,/jacopo-furlan/profil/spieler/163652,"Oct 5, 2020","Jun 30, 2024"
418,Kevin Piscopo,24,"Feb 6, 1998 ",Italy,EMPOLI,out,Second Striker,0.175,21,1,2,1241,0,0,1.81,/kevin-piscopo/profil/spieler/395739,"Jul 8, 2019","Jun 30, 2023"
419,Giuseppe Montaperto,22,"Jan 23, 2000",Italy,EMPOLI,out,Left Winger,0.025,11,0,0,229,0,0,1.78,/giuseppe-montaperto/profil/spieler/391066,"Jun 30, 2020","Jun 30, 2023"
420,Leandro Pratelli,19,"Dec 11, 2002",Italy,EMPOLI,out,Goalkeeper,0.15,24,0,0,2088,31,5,1.91,/leandro-pratelli/profil/spieler/603695,"Sep 1, 2020","Jun 30, 2023"
421,Stefano Moreo,29,"Jun 30, 1993",Italy,EMPOLI,out,Centre-Forward,1.0,42,10,5,2639,0,0,1.91,/stefano-moreo/profil/spieler/279823,"Jul 18, 2019","Jun 30, 2023"
422,Simone Canestrelli,21,"Sep 11, 2000",Italy,EMPOLI,out,Centre-Back,1.0,26,2,1,2144,0,0,1.92,/simone-canestrelli/profil/spieler/358003,"Jul 1, 2021","Jun 30, 2023"
423,Giovanni Crociata,25,"Aug 11, 1997",Italy,EMPOLI,out,Central Midfield,0.45,26,1,1,941,0,0,1.74,/giovanni-crociata/profil/spieler/291400,"Jul 1, 2021","Jun 30, 2023"
424,Niccolò Chiorra,21,"Mar 16, 2001",Italy,EMPOLI,out,Goalkeeper,0.2,35,0,0,3150,40,12,-,/niccolo-chiorra/profil/spieler/459697,"Jul 29, 2021","Jun 30, 2023"
425,Andrea La Mantia,31,"May 6, 1991 ",Italy,EMPOLI,out,Centre-Forward,1.2,19,3,2,566,0,0,1.9,/andrea-la-mantia/profil/spieler/134983,"Sep 1, 2020","Jun 30, 2023"
426,Davide Merola,22,"Mar 27, 2000",Italy,EMPOLI,out,Right Winger,0.35,32,11,4,2242,0,0,1.76,/davide-merola/profil/spieler/357998,"Aug 20, 2019","Jun 30, 2023"
427,Leo Stulac,27,"Sep 26, 1994",Slovenia,EMPOLI,out,Defensive Midfield,1.4,26,2,2,1078,0,0,1.75,/leo-stulac/profil/spieler/171159,"Jul 26, 2019","Jun 30, 2023"
428,Francesco Donati,21,"Jan 20, 2001",Italy,EMPOLI,out,Right-Back,0.4,34,0,2,2743,0,0,1.85,/francesco-donati/profil/spieler/525660,"Jun 30, 2022","Jun 30, 2025"
429,Luca Belardinelli,21,"Mar 14, 2001",Italy,EMPOLI,out,Defensive Midfield,0.5,23,0,0,1506,0,0,1.9,/luca-belardinelli/profil/spieler/467994,"Jun 30, 2022","Jun 30, 2023"
430,Riccardo Fiamozzi,29,"May 18, 1993",Italy,EMPOLI,out,Right-Back,0.4,12,0,1,781,0,0,1.75,/riccardo-fiamozzi/profil/spieler/197745,"Jul 1, 2021","Jun 30, 2024"
442,Mikkel Damsgaard,22,"Jul 3, 2000 ",Denmark,SAMPDORIA,15.0,Left Winger,15.0,12,0,0,613,0,0,1.8,/mikkel-damsgaard/profil/spieler/540941,"Sep 1, 2020","Jun 30, 2027"
443,Federico Bonazzoli,25,"May 21, 1997",Italy,SAMPDORIA,5.0,Centre-Forward,5.0,33,12,0,1946,0,0,1.82,/federico-bonazzoli/profil/spieler/241527,"Feb 1, 2015","Jun 30, 2025"
444,Gianluca Caprari,28,"Jul 30, 1993",Italy,SAMPDORIA,5.0,Second Striker,9.0,36,12,7,2759,0,0,1.71,/gianluca-caprari/profil/spieler/146752,"Jul 1, 2017","Jun 30, 2023"
445,Morten Thorsby,26,"May 5, 1996 ",Norway,SAMPDORIA,3.0,Central Midfield,7.0,38,4,1,3153,0,0,1.88,/morten-thorsby/profil/spieler/226524,"Jul 1, 2019","Jun 30, 2025"
446,Maya Yoshida,33,"Aug 24, 1988",Japan,SAMPDORIA,out,Centre-Back,1.5,26,2,3,1820,0,0,1.89,/maya-yoshida/profil/spieler/81789,"Sep 1, 2020","Jun 30, 2023"
447,Albin Ekdal,32,"Jul 28, 1989",Sweden,SAMPDORIA,out,Defensive Midfield,0.8,27,1,0,1704,0,0,1.86,/albin-ekdal/profil/spieler/49275,"Aug 14, 2018","Jun 30, 2024"
448,Nik Prelec,21,"Jun 10, 2001",Slovenia,SAMPDORIA,out,Centre-Forward,0.6,11,1,1,160,0,0,1.87,/nik-prelec/profil/spieler/469690,"Jul 1, 2021","Jun 30, 2023"
449,Lorenzo Sabattini,20,"Oct 6, 2001 ",Italy,SAMPDORIA,out,Central Midfield,0.025,6,0,0,181,0,0,1.82,/lorenzo-sabattini/profil/spieler/557556,"Jun 30, 2021","Jun 30, 2023"
450,Lorenzo Di Stefano,19,"Sep 19, 2002",Italy,SAMPDORIA,out,Centre-Forward,0.15,35,20,6,2912,0,0,1.82,/lorenzo-di-stefano/profil/spieler/650255,-,"Jun 30, 2023"
451,Marco Delle Monache,17,"Feb 3, 2005 ",Italy,SAMPDORIA,out,Left Winger,0.7,23,1,5,1396,0,0,1.7,/marco-delle-monache/profil/spieler/899543,"Aug 5, 2022","Jun 30, 2023"
452,Marco Somma,20,"Feb 7, 2002 ",Italy,SAMPDORIA,out,Right Midfield,0.15,31,1,3,2534,0,0,1.72,/marco-somma/profil/spieler/567445,"Jul 10, 2022","Jun 30, 2023"
453,Tommaso Farabegoli,23,"Mar 26, 1999",Italy,SAMPDORIA,out,Centre-Back,0.075,10,0,0,354,0,0,1.86,/tommaso-farabegoli/profil/spieler/394855,"Jan 7, 2021","Jun 30, 2023"
454,Michael Brentan,20,"Apr 16, 2002",Italy,SAMPDORIA,out,Central Midfield,0.35,39,1,2,2811,0,0,1.78,/michael-brentan/profil/spieler/564793,"Jun 30, 2022","Jun 30, 2023"
455,Erik Gerbi,22,"Jun 11, 2000",Italy,SAMPDORIA,out,Centre-Forward,0.2,21,5,1,1334,0,0,1.81,/erik-gerbi/profil/spieler/410305,"Sep 1, 2020","Jun 30, 2023"
456,Antonio Candreva,35,"Feb 28, 1987",Italy,SAMPDORIA,out,Right Midfield,1.5,39,7,13,3268,0,0,1.8,/antonio-candreva/profil/spieler/25488,"Jul 1, 2021","Jun 30, 2023"
457,Matteo Stoppa,21,"Sep 27, 2000",Italy,SAMPDORIA,out,Centre-Forward,0.225,35,11,6,2594,0,0,1.74,/matteo-stoppa/profil/spieler/391899,"Jan 30, 2020","Jun 30, 2023"
458,Antonino La Gumina,26,"Mar 6, 1996 ",Italy,SAMPDORIA,out,Centre-Forward,1.7,34,9,3,2004,0,0,1.82,/antonino-la-gumina/profil/spieler/287876,"Jan 31, 2020","Jun 30, 2027"
459,Antonio Metlika,20,"Nov 24, 2001",Italy,SAMPDORIA,out,Defensive Midfield,0.175,27,1,2,2121,0,0,1.78,/antonio-metlika/profil/spieler/469018,"Jul 19, 2022","Jun 30, 2023"
460,Lorenzo Campaner,19,"Feb 8, 2003 ",Italy,SAMPDORIA,out,Right-Back,0.05,29,0,0,1772,0,0,-,/lorenzo-campaner/profil/spieler/704671,"Jul 1, 2021","Jun 30, 2023"
461,Wladimiro Falcone,27,"Apr 12, 1995",Italy,SAMPDORIA,out,Goalkeeper,3.5,12,0,0,1034,19,3,1.95,/wladimiro-falcone/profil/spieler/238537,"Jan 21, 2014","Jun 30, 2023"
462,Kristoffer Askildsen,21,"Jan 9, 2001 ",Norway,SAMPDORIA,out,Central Midfield,2.0,22,0,0,954,0,0,1.9,/kristoffer-askildsen/profil/spieler/574495,"Sep 1, 2020","Jun 30, 2023"
463,Leonardo Benedetti,22,"Jun 6, 2000 ",Italy,SAMPDORIA,out,Central Midfield,0.2,39,6,1,3061,0,0,1.8,/leonardo-benedetti/profil/spieler/423615,"Jul 18, 2019","Jun 30, 2026"
464,Felice D'Amico,21,"Aug 22, 2000",Italy,SAMPDORIA,out,Attacking Midfield,0.15,31,3,2,965,0,0,1.75,/felice-damico/profil/spieler/392500,"Sep 1, 2020","Jun 30, 2024"
465,Emanuel Ercolano,19,"Oct 15, 2002",Italy,SAMPDORIA,out,Right-Back,0.35,28,3,3,1926,0,0,-,/emanuel-ercolano/profil/spieler/567444,"Jun 30, 2022","Jun 30, 2024"
466,Simone Giordano,20,"Dec 21, 2001",Italy,SAMPDORIA,out,Left-Back,0.4,35,1,7,2465,0,0,-,/simone-giordano/profil/spieler/480046,"Jun 30, 2022","Jun 30, 2026"
467,Fabio Depaoli,25,"Apr 24, 1997",Italy,SAMPDORIA,out,Right-Back,3.0,26,1,2,901,0,0,1.82,/fabio-depaoli/profil/spieler/324282,"Jul 1, 2019","Jun 30, 2023"
468,Maxime Leverbe,25,"Feb 15, 1997",France,SAMPDORIA,out,Centre-Back,1.8,42,0,1,3739,0,0,1.88,/maxime-leverbe/profil/spieler/451310,"Jul 1, 2017","Jun 30, 2023"
470,Nicolò Francofonte,21,"Jan 31, 2001",Italy,SAMPDORIA,out,Central Midfield,0.075,16,0,1,563,0,0,1.83,/nicolo-francofonte/profil/spieler/419890,"Jun 30, 2022","Jun 30, 2023"
471,Sebastian Giovinco,35,"Jan 26, 1987",Italy,SAMPDORIA,out,Second Striker,,2,0,0,37,0,0,1.64,/sebastian-giovinco/profil/spieler/52312,"Feb 9, 2022",-
477,Janis Antiste,20,"Aug 18, 2002",France,SPEZIA,5.1,Centre-Forward,4.0,22,1,0,966,0,0,1.83,/janis-antiste/profil/spieler/538974,"Aug 25, 2021","Jun 30, 2023"
478,Giulio Maggiore,24,"Mar 12, 1998",Italy,SPEZIA,4.5,Central Midfield,7.5,36,2,4,2923,0,0,1.84,/giulio-maggiore/profil/spieler/353796,"Jul 1, 2016","Jun 30, 2026"
479,Ivan Provedel,28,"Mar 17, 1994",Italy,SPEZIA,2.0,Goalkeeper,7.0,31,0,0,2762,52,7,1.94,/ivan-provedel/profil/spieler/197929,"Oct 5, 2020","Jun 30, 2027"
480,Léo Sena,26,"Dec 31, 1995",Brazil,SPEZIA,out,Defensive Midfield,1.2,0,0,0,0,0,0,1.75,/leo-sena/profil/spieler/435213,"Jul 1, 2021",-
481,Matteo Figoli,21,"Dec 17, 2000",Italy,SPEZIA,out,Central Midfield,0.125,31,4,2,2045,0,0,1.8,/matteo-figoli/profil/spieler/457420,"Jul 1, 2018","Jun 30, 2023"
482,Kleis Bozhanaj,21,"Mar 1, 2001 ",Albania,SPEZIA,out,Attacking Midfield,0.1,3,0,0,33,0,0,1.8,/kleis-bozhanaj/profil/spieler/221421,"Aug 30, 2021","Jun 30, 2024"
483,Nicolò Bertola,19,"Mar 23, 2003",Italy,SPEZIA,out,Centre-Back,0.2,11,1,0,842,0,0,1.92,/nicolo-bertola/profil/spieler/632831,"Jul 1, 2021","Jun 30, 2023"
484,Laurens Serpe,21,"Feb 7, 2001 ",Italy,SPEZIA,out,Centre-Back,0.15,2,0,0,44,0,0,1.93,/laurens-serpe/profil/spieler/500164,"Jul 8, 2022","Jun 30, 2026"
485,Ognjen Stijepovic,22,"Oct 22, 1999",Montenegro,SPEZIA,out,Second Striker,0.075,17,1,0,462,0,0,1.85,/ognjen-stijepovic/profil/spieler/399907,"Aug 20, 2021","Jun 30, 2024"
486,Elio Capradossi,26,"Mar 11, 1996",Italy,SPEZIA,out,Centre-Back,1.0,32,2,0,2832,0,0,1.85,/elio-capradossi/profil/spieler/238947,"Jul 19, 2018","Jun 30, 2023"
487,Luca Vignali,26,"Jan 11, 1996",Italy,SPEZIA,out,Right-Back,1.0,34,3,4,2754,0,0,1.86,/luca-vignali/profil/spieler/287367,"Jul 1, 2015","Jun 30, 2025"
488,Lorenzo Colombini,21,"Jan 17, 2001",Italy,SPEZIA,out,Left-Back,0.2,27,0,0,1498,0,0,1.81,/lorenzo-colombini/profil/spieler/426244,"Sep 1, 2020","Jun 30, 2023"
489,Emil Kornvig,22,"Apr 28, 2000",Denmark,SPEZIA,out,Central Midfield,0.5,31,2,0,2030,0,0,1.87,/emil-kornvig/profil/spieler/455068,"Jul 23, 2021","Jun 30, 2026"
490,Suf Podgoreanu,20,"Jan 20, 2002",Israel,SPEZIA,out,Right Winger,0.5,5,0,1,110,0,0,1.93,/suf-podgoreanu/profil/spieler/540827,"Aug 11, 2021","Jun 30, 2023"
492,Samuel Mraz,25,"May 13, 1997",Slovakia,SPEZIA,out,Centre-Forward,0.6,32,10,1,1509,0,0,1.83,/samuel-mraz/profil/spieler/243225,"Aug 9, 2021","Jun 30, 2023"
500,Éderson,22,"Jul 7, 1999 ",Brazil,SALERNITANA,21.4,Central Midfield,20.0,15,2,1,1151,0,0,1.83,/ederson/profil/spieler/607854,"Jan 30, 2022","Jun 30, 2026"
502,Joel Obi,31,"May 22, 1991",Nigeria,SALERNITANA,out,Central Midfield,0.4,23,0,1,1226,0,0,1.78,/joel-obi/profil/spieler/45581,"Jul 21, 2021","Jun 30, 2023"
503,Stefan Strandberg,32,"Jul 25, 1990",Norway,SALERNITANA,out,Centre-Back,0.5,18,1,1,1531,0,0,1.89,/stefan-strandberg/profil/spieler/50617,"Jul 23, 2021","Jun 30, 2023"
504,Gaetano Vitale,20,"Aug 4, 2001 ",Italy,SALERNITANA,out,Central Midfield,0.2,32,1,2,2373,0,0,1.81,/gaetano-vitale/profil/spieler/615180,"Sep 28, 2020","Jun 30, 2023"
505,Clemente Crisci,20,"Jun 27, 2002",Italy,SALERNITANA,out,Central Midfield,,6,2,0,245,0,0,-,/clemente-crisci/profil/spieler/805338,"Jun 30, 2021","Jun 30, 2023"
506,Andrea Schiavone,29,"Feb 25, 1993",Italy,SALERNITANA,out,Defensive Midfield,0.4,15,1,0,630,0,0,1.76,/andrea-schiavone/profil/spieler/136133,"Sep 23, 2020","Jun 30, 2023"
507,Filippo D'Andrea,23,"Sep 25, 1998",Italy,SALERNITANA,out,Centre-Forward,0.25,35,6,3,2202,0,0,1.8,/filippo-dandrea/profil/spieler/459892,"Sep 23, 2020","Jun 30, 2023"
508,Wajdi Kechrida,26,"Nov 5, 1995 ",Tunisia,SALERNITANA,out,Right-Back,0.8,19,0,2,1128,0,0,1.84,/wajdi-kechrida/profil/spieler/407885,"Jul 31, 2021","Jun 30, 2023"
509,Milan Djuric,32,"May 22, 1990",Bosnia-Herzegovina,SALERNITANA,out,Centre-Forward,1.0,35,5,5,2335,0,0,1.99,/milan-djuric/profil/spieler/67556,"Aug 9, 2018","Jun 30, 2023"
510,Pawel Jaroszynski,27,"Oct 2, 1994 ",Poland,SALERNITANA,out,Left Midfield,0.6,14,0,0,599,0,0,1.84,/pawel-jaroszynski/profil/spieler/287600,"Aug 7, 2019","Jun 30, 2024"
511,Vid Belec,32,"Jun 6, 1990 ",Slovenia,SALERNITANA,out,Goalkeeper,0.5,24,0,0,2026,49,4,1.92,/vid-belec/profil/spieler/73090,"Sep 25, 2020","Jun 30, 2023"
512,Carmine Iannone,21,"Jul 19, 2001",Italy,SALERNITANA,out,Centre-Forward,0.025,16,1,1,560,0,0,1.87,/carmine-iannone/profil/spieler/542394,"Jun 30, 2022","Jun 30, 2023"
513,Frédéric Veseli,29,"Nov 20, 1992",Albania,SALERNITANA,out,Centre-Back,0.35,9,0,0,597,0,0,1.83,/frederic-veseli/profil/spieler/111433,"Sep 1, 2020","Jun 30, 2023"
514,Riccardo Gagliolo,32,"Apr 28, 1990",Sweden,SALERNITANA,out,Centre-Back,0.9,20,0,1,1404,0,0,1.8,/riccardo-gagliolo/profil/spieler/240786,"Aug 31, 2021","Jun 30, 2024"
515,Edoardo Vergani,21,"Feb 6, 2001 ",Italy,SALERNITANA,out,Centre-Forward,0.5,7,0,0,163,0,0,1.86,/edoardo-vergani/profil/spieler/421780,"Aug 31, 2021","Jun 30, 2023"
516,Giuseppe Fella,28,"Aug 11, 1993",Italy,SALERNITANA,out,Second Striker,0.3,34,7,1,1451,0,0,1.77,/giuseppe-fella/profil/spieler/199896,"Sep 24, 2020","Jun 30, 2023"
517,Michele Cavion,27,"Dec 8, 1994 ",Italy,SALERNITANA,out,Central Midfield,0.4,31,2,2,1756,0,0,1.8,/michele-cavion/profil/spieler/199971,"Jul 12, 2021","Jun 30, 2025"
518,Antonio Russo,22,"Feb 1, 2000 ",Italy,SALERNITANA,out,Goalkeeper,0.05,1,0,0,90,1,0,1.88,/antonio-russo/profil/spieler/541282,"Jun 30, 2020","Jun 30, 2023"
519,Francesco Di Tacchio,32,"Apr 20, 1990",Italy,SALERNITANA,out,Defensive Midfield,0.4,20,0,0,1378,0,0,1.86,/francesco-di-tacchio/profil/spieler/84766,"Aug 9, 2018","Jun 30, 2023"
520,Kaleb Jiménez,19,"Oct 18, 2002",Spain,SALERNITANA,out,Central Midfield,0.175,34,3,4,2070,0,0,1.8,/kaleb-jimenez/profil/spieler/724437,"Aug 30, 2021","Jun 30, 2024"
521,Valerio Mantovani,26,"Apr 18, 1996",Italy,SALERNITANA,out,Centre-Back,0.7,22,1,0,1596,0,0,1.84,/valerio-mantovani/profil/spieler/324378,"Jul 16, 2016","Jun 30, 2024"
522,Mikael,23,"May 28, 1999",Brazil,SALERNITANA,out,Centre-Forward,1.7,11,5,0,315,0,0,1.84,/mikael/profil/spieler/642689,"Jan 31, 2022","Jun 30, 2023"
523,Edoardo Iannoni,21,"Apr 11, 2001",Italy,SALERNITANA,out,Central Midfield,0.45,38,3,2,2995,0,0,1.85,/edoardo-iannoni/profil/spieler/700053,"Sep 1, 2020","Jun 30, 2024"
524,Simy,30,"May 7, 1992 ",Nigeria,SALERNITANA,out,Centre-Forward,1.0,32,2,4,1540,0,0,1.98,/simy/profil/spieler/194549,"Aug 19, 2021","Jun 30, 2023"
525,Reda Boultam,24,"Mar 3, 1998 ",Netherlands,SALERNITANA,out,Attacking Midfield,0.5,23,0,0,1170,0,0,1.87,/reda-boultam/profil/spieler/360516,"Feb 1, 2021","Jun 30, 2023"
526,Franck Ribéry,39,"Apr 7, 1983 ",France,SALERNITANA,out,Left Winger,,23,0,3,1424,0,0,1.7,/franck-ribery/profil/spieler/22068,"Sep 6, 2021","Jun 30, 2023"
527,Gioacchino Galeotafiore,22,"Feb 15, 2000",Italy,SALERNITANA,out,Centre-Back,0.125,30,1,1,2262,0,0,-,/gioacchino-galeotafiore/profil/spieler/397721,"Jun 30, 2021","Jun 30, 2023"
528,Diego Perotti,33,"Jul 26, 1988",Argentina,SALERNITANA,out,Left Winger,0.3,11,0,0,278,0,0,1.79,/diego-perotti/profil/spieler/54984,"Feb 2, 2022","Jun 30, 2023"
529,Mirko Esposito,26,"Apr 8, 1996 ",Italy,SALERNITANA,out,Right-Back,0.125,17,0,0,1244,0,0,1.72,/mirko-esposito/profil/spieler/287636,"Jul 1, 2019","Jun 30, 2023"
545,Massimo Coda,33,"Nov 10, 1988",Italy,LECCE,1.5,Centre-Forward,1.4,38,22,10,3055,0,0,1.84,/massimo-coda/profil/spieler/33763,"Sep 1, 2020","Jun 30, 2025"
546,Francesco Di Mariano,26,"Apr 20, 1996",Italy,LECCE,1.0,Left Winger,1.4,32,6,3,2228,0,0,1.77,/francesco-di-mariano/profil/spieler/238950,"Aug 27, 2021","Jun 30, 2025"
547,Mario Gargiulo,26,"Mar 26, 1996",Italy,LECCE,0.75,Central Midfield,1.0,36,3,2,2484,0,0,1.87,/mario-gargiulo/profil/spieler/242469,"Aug 30, 2021","Jun 30, 2023"
548,Silvio Colella,20,"May 2, 2002 ",Italy,LECCE,out,Right-Back,0.01,16,1,2,1353,0,0,1.9,/silvio-colella/profil/spieler/621277,"Jan 30, 2022","Jun 30, 2023"
549,Gianmarco Mancarella,20,"Jan 23, 2002",Italy,LECCE,out,Left Midfield,0.05,37,9,10,3007,0,0,-,/gianmarco-mancarella/profil/spieler/621284,"Jun 30, 2022","Jun 30, 2023"
550,Sergio Maselli,21,"Apr 6, 2001 ",Italy,LECCE,out,Defensive Midfield,0.2,12,0,0,470,0,0,1.75,/sergio-maselli/profil/spieler/542572,"Sep 1, 2020","Jun 30, 2023"
551,Mattia Felici,21,"Apr 17, 2001",Italy,LECCE,out,Left Winger,0.075,13,1,1,410,0,0,-,/mattia-felici/profil/spieler/600041,"Jul 1, 2019","Jun 30, 2025"
552,Romario Benzar,30,"Mar 26, 1992",Romania,LECCE,out,Right-Back,0.25,0,0,0,0,0,0,1.8,/romario-benzar/profil/spieler/164231,"Jul 1, 2019","Jun 30, 2023"
553,Raúl Asencio,24,"May 20, 1998",Spain,LECCE,out,Centre-Forward,0.4,20,2,2,553,0,0,1.85,/raul-asencio/profil/spieler/340260,"Jan 20, 2022","Jun 30, 2024"
554,Gabriel,29,"Sep 27, 1992",Brazil,LECCE,out,Goalkeeper,1.5,46,0,0,4091,47,18,1.93,/gabriel/profil/spieler/79242,"Jul 3, 2019","Dec 31, 2026"
555,Arturo Calabresi,26,"Mar 17, 1996",Italy,LECCE,out,Right-Back,1.3,34,2,2,1868,0,0,1.86,/arturo-calabresi/profil/spieler/240897,"Jul 29, 2021","Jun 30, 2025"
556,Zan Majer,30,"Jul 25, 1992",Slovenia,LECCE,out,Central Midfield,1.7,25,3,5,1653,0,0,1.8,/zan-majer/profil/spieler/180805,"Feb 16, 2019","Jun 30, 2024"
557,Lorenco Simic,26,"Jul 15, 1996",Croatia,LECCE,out,Centre-Back,0.75,15,1,0,779,0,0,1.95,/lorenco-simic/profil/spieler/226093,"Jan 17, 2022","Jun 30, 2024"
558,Roberto Pierno,21,"Feb 14, 2001",Italy,LECCE,out,Right Midfield,0.25,34,3,6,2958,0,0,1.8,/roberto-pierno/profil/spieler/542570,"Sep 1, 2020","Jun 30, 2023"
559,Alessio Piazza,20,"Jan 28, 2002",Italy,LECCE,out,Left Winger,0.01,4,0,0,45,0,0,1.83,/alessio-piazza/profil/spieler/673148,"Jun 30, 2020","Jun 30, 2024"
560,Ilario Monterisi,20,"Dec 19, 2001",Italy,LECCE,out,Centre-Back,0.25,21,2,0,1637,0,0,1.9,/ilario-monterisi/profil/spieler/550116,"Sep 1, 2020","Jun 30, 2023"
561,Fabio Lucioni,34,"Sep 25, 1987",Italy,LECCE,out,Centre-Back,0.6,39,1,2,3450,0,0,1.85,/fabio-lucioni/profil/spieler/160561,"Jul 20, 2018","Jun 30, 2023"
563,Antonino Ragusa,32,"Mar 27, 1990",Italy,LECCE,out,Left Winger,0.4,16,2,1,465,0,0,1.83,/antonino-ragusa/profil/spieler/102470,"Jan 30, 2022","Jun 30, 2024"
567,Francesco Deli,27,"Jul 17, 1994",Italy,CREMONESE,out,Central Midfield,0.175,21,1,0,614,0,0,1.82,/francesco-deli/profil/spieler/288896,"Jul 17, 2019","Jun 30, 2024"
568,Riccardo Collodel,23,"Nov 10, 1998",Italy,CREMONESE,out,Central Midfield,0.25,19,4,1,1605,0,0,1.81,/riccardo-collodel/profil/spieler/394373,"Jul 10, 2021","Jun 30, 2026"
569,Daniel Frey,20,"Feb 27, 2002",Italy,CREMONESE,out,Right-Back,0.05,0,0,0,0,0,0,1.75,/daniel-frey/profil/spieler/623441,"Aug 6, 2021","Jun 30, 2023"
570,Matteo Ghisolfi,20,"May 25, 2002",Italy,CREMONESE,out,Attacking Midfield,0.1,11,0,0,296,0,0,1.9,/matteo-ghisolfi/profil/spieler/604630,"Sep 1, 2020","Jun 30, 2023"
571,Filippo Nardi,24,"Mar 3, 1998 ",Italy,CREMONESE,out,Central Midfield,0.4,18,0,1,716,0,0,1.75,/filippo-nardi/profil/spieler/404969,"Jul 1, 2021","Jun 30, 2023"
572,Joshua Tenkorang,22,"May 26, 2000",Italy,CREMONESE,out,Central Midfield,0.2,31,5,4,2139,0,0,1.84,/joshua-tenkorang/profil/spieler/527180,"Jul 1, 2022","Jun 30, 2027"
573,Marco Zunno,21,"May 5, 2001 ",Italy,CREMONESE,out,Left Winger,0.1,13,0,0,583,0,0,1.77,/marco-zunno/profil/spieler/479158,"Aug 11, 2021","Jun 30, 2023"
574,Fausto Perseu,19,"Dec 17, 2002",Italy,CREMONESE,out,Defensive Midfield,0.05,7,0,0,159,0,0,1.79,/fausto-perseu/profil/spieler/619323,"Aug 1, 2021","Jun 30, 2025"
575,Francesco Cerretelli,22,"Jan 21, 2000",Italy,CREMONESE,out,Central Midfield,0.05,23,2,3,978,0,0,1.85,/francesco-cerretelli/profil/spieler/459231,"Jul 27, 2021","Jun 30, 2023"
576,Alessandro Fiordaliso,23,"Mar 20, 1999",Italy,CREMONESE,out,Right-Back,0.35,4,0,0,169,0,0,1.84,/alessandro-fiordaliso/profil/spieler/386447,"Sep 25, 2020","Jun 30, 2025"
577,Emanuele Terranova,35,"Apr 14, 1987",Italy,CREMONESE,out,Centre-Back,0.225,32,3,0,2744,0,0,1.83,/emanuele-terranova/profil/spieler/61770,"Aug 17, 2018","Jun 30, 2024"
578,Samuel Di Carmine,33,"Sep 29, 1988",Italy,CREMONESE,out,Centre-Forward,0.5,33,5,1,1518,0,0,1.87,/samuel-di-carmine/profil/spieler/45389,"Aug 24, 2021","Jun 30, 2023"
579,Paolo Bartolomei,33,"Aug 22, 1989",Italy,CREMONESE,out,Central Midfield,0.4,21,0,0,953,0,0,1.83,/paolo-bartolomei/profil/spieler/281900,"Jan 11, 2021","Jun 30, 2024"
580,Luca Munaretti,20,"Jun 23, 2002",Italy,CREMONESE,out,Centre-Back,0.1,18,0,0,1051,0,0,1.84,/luca-munaretti/profil/spieler/619324,"Aug 5, 2021","Jun 30, 2023"
582,Luca Ravanelli,25,"Jan 6, 1997 ",Italy,CREMONESE,out,Centre-Back,0.8,18,0,0,1518,0,0,1.87,/luca-ravanelli/profil/spieler/312341,"Jul 7, 2021","Jun 30, 2023"
583,Luca Strizzolo,30,"Apr 29, 1992",Italy,CREMONESE,out,Centre-Forward,0.5,23,4,3,904,0,0,1.88,/luca-strizzolo/profil/spieler/155802,"Jan 22, 2019","Jun 30, 2023"
584,Dennis Politic,22,"Mar 5, 2000 ",Romania,CREMONESE,out,Right Winger,0.2,19,5,4,837,0,0,1.85,/dennis-politic/profil/spieler/470152,"Jan 21, 2022","May 31, 2023"
585,Cedric Gondo,25,"Nov 25, 1996",Cote d'Ivoire,CREMONESE,out,Centre-Forward,0.9,30,2,3,1213,0,0,1.87,/cedric-gondo/profil/spieler/213854,"Jan 30, 2022","Jun 30, 2023"
586,Stefano Girelli,21,"Jan 9, 2001 ",Italy,CREMONESE,out,Central Midfield,0.15,24,0,0,1239,0,0,-,/stefano-girelli/profil/spieler/533321,"Jun 30, 2022","Jun 30, 2023"
587,Alessandro Crescenzi,30,"Sep 25, 1991",Italy,CREMONESE,out,Left-Back,0.175,22,0,0,988,0,0,1.78,/alessandro-crescenzi/profil/spieler/96758,"Sep 1, 2020","Jun 30, 2023"
599,Giuseppe Bellusci,32,"Aug 21, 1989",Italy,MONZA,out,Centre-Back,0.3,20,0,1,1696,0,0,1.85,/giuseppe-bellusci/profil/spieler/57354,"Jul 25, 2019","Jun 30, 2024"
600,Nicola Mosti,24,"Feb 7, 1998 ",Italy,MONZA,out,Attacking Midfield,0.275,37,4,9,1890,0,0,1.77,/nicola-mosti/profil/spieler/302497,"Aug 2, 2019","Jun 30, 2023"
601,Luca Lombardi,19,"Dec 6, 2002 ",Italy,MONZA,out,Central Midfield,0.075,29,0,0,1567,0,0,1.75,/luca-lombardi/profil/spieler/644156,"Jun 30, 2022","Jun 30, 2023"
602,Daniele Sommariva,24,"Jul 18, 1997",Italy,MONZA,out,Goalkeeper,0.1,0,0,0,0,0,0,1.85,/daniele-sommariva/profil/spieler/312773,"Jul 11, 2018",-
604,Tommaso Morosini,30,"Oct 8, 1991 ",Italy,MONZA,out,Central Midfield,0.15,22,3,0,841,0,0,1.84,/tommaso-morosini/profil/spieler/134383,"Jan 7, 2020","Jun 30, 2024"
605,Davide Diaw,30,"Jan 6, 1992 ",Italy,MONZA,out,Centre-Forward,1.5,33,7,4,2693,0,0,1.91,/davide-diaw/profil/spieler/404995,"Jan 29, 2021","Jun 30, 2024"
607,Stefano Rubbi,19,"Jul 30, 2002",Italy,MONZA,out,Goalkeeper,0.075,20,0,0,1800,21,7,1.92,/stefano-rubbi/profil/spieler/630812,"Aug 4, 2021","Jun 30, 2023"
608,Pedro Pereira,24,"Jan 22, 1998",Portugal,MONZA,out,Right-Back,2.0,35,0,5,2364,0,0,1.85,/pedro-pereira/profil/spieler/314965,"Jul 1, 2022","Jun 30, 2023"
610,Luca Mazzitelli,26,"Nov 15, 1995",Italy,MONZA,out,Central Midfield,2.5,31,2,6,1935,0,0,1.84,/luca-mazzitelli/profil/spieler/226025,"Jul 9, 2021","Jun 30, 2023"
611,Mario Sampirisi,29,"Oct 31, 1992",Italy,MONZA,out,Right-Back,0.75,29,3,0,1602,0,0,1.88,/mario-sampirisi/profil/spieler/160357,"Jul 4, 2019","Jun 30, 2023"
612,Armando Anastasio,26,"Jul 24, 1996",Italy,MONZA,out,Left-Back,0.125,11,0,0,397,0,0,1.8,/armando-anastasio/profil/spieler/286275,"Jan 15, 2019","Jun 30, 2023"
613,Andrea Ranocchia,34,"Feb 16, 1988",Italy,MONZA,out,Centre-Back,,10,1,0,556,0,0,1.95,/andrea-ranocchia/profil/spieler/44327,"Jul 1, 2022","Jun 30, 2024"
614,Gastón Ramírez,31,"Dec 2, 1990 ",Uruguay,MONZA,out,Attacking Midfield,0.5,6,1,0,161,0,0,1.83,/gaston-ramirez/profil/spieler/123742,"Dec 7, 2021","Jun 30, 2023"
